genus	n_cohorts	n_DADA2_SILVA	in_sensitivity_GG	n_up	n_down	direction	direction_consistent	frac_agree	n_sig_q0.1	n_nominal_p0.05	evidence_hits	min_q	mean_abs_effect	mean_median_effect	mean_prevalence	cohort_effects
g__Campylobacter	3	2	1	3	0	up	1	1	2	2	2	0.0154164	0.469237	0.469237	0.8342	666746(SILVA*+0.993);822685(SILVA*+0.342);813034(GG+0.0722)
g__Peptostreptococcus	3	2	1	3	0	up	1	1	2	1	2	0.0180647	0.737597	0.737597	0.7719	666746(SILVA*+0.225);822685(SILVA*+0.815);813034(GG+1.17)
g__Catonella	3	2	1	3	0	up	1	1	2	2	2	0.013465	0.542621	0.542621	0.6785	666746(SILVA*+0.666);822685(SILVA*+0.58);813034(GG+0.382)
g__Actinomyces	3	2	1	0	3	down	1	1	2	2	2	0.00412384	0.623546	-0.623546	0.5789	666746(SILVA*-1.04);822685(SILVA*-0.111);813034(GG-0.723)
g__Megasphaera	3	2	1	0	3	down	1	1	2	1	2	0.0455351	0.509823	-0.509823	0.5567	666746(SILVA*-0.931);822685(SILVA*-0.088);813034(GG-0.51)
g__Filifactor	3	2	1	3	0	up	1	1	2	2	2	0.000390308	0.359407	0.359407	0.4736	666746(SILVA*+0.25);822685(SILVA*+0.197);813034(GG+0.631)
g__Acidovorax	3	2	1	3	0	up	1	1	2	3	2.5	0.0338832	0.60328	0.60328	0.2058	666746(SILVA*+0.142);822685(SILVA*+0.0836);813034(GG+1.58)
g__Azospirillum	3	2	1	3	0	up	1	1	2	1	2	0.00157225	0.191815	0.191815	0.1774	666746(SILVA*+0.135);822685(SILVA*+0.0746);813034(GG+0.366)
g__Deinococcus	3	2	1	3	0	up	1	1	2	2	2	0.01315	0.175007	0.175007	0.1637	666746(SILVA*+0.216);822685(SILVA*+0.0836);813034(GG+0.225)
g__Brevibacterium	3	2	1	3	0	up	1	1	2	2	2	0.0179546	0.168204	0.168204	0.1454	666746(SILVA*+0.139);822685(SILVA*+0.0836);813034(GG+0.282)
g__Morganella	3	2	1	3	0	up	1	1	2	2	2	0.00156521	0.178663	0.178663	0.1348	666746(SILVA*+0.139);822685(SILVA*+0.0836);813034(GG+0.313)
g__Desulfovibrio	3	2	1	3	0	up	1	1	2	1	2	0.00148434	0.0892981	0.0892981	0.1208	666746(SILVA*+0.152);822685(SILVA*+0.0746);813034(GG+0.0412)
g__Bilophila	3	2	1	3	0	up	1	1	2	2	2	0.000496365	0.118061	0.118061	0.1154	666746(SILVA*+0.139);822685(SILVA*+0.0836);813034(GG+0.131)
g__Anaerovorax	3	2	1	3	0	up	1	1	2	2	2	0.000391488	0.124766	0.124766	0.1137	666746(SILVA*+0.152);822685(SILVA*+0.0746);813034(GG+0.148)
g__Anaerococcus	3	2	1	3	0	up	1	1	2	1	2	0.0172614	0.186963	0.186963	0.0944	666746(SILVA*+0.135);822685(SILVA*+0.0746);813034(GG+0.351)
g__Mycobacterium	3	2	1	3	0	up	1	1	2	2	2	0.0057271	0.0962479	0.0962479	0.0871	666746(SILVA*+0.13);822685(SILVA*+0.0836);813034(GG+0.0746)
g__Finegoldia	3	2	1	3	0	up	1	1	2	3	2.5	0.0388238	0.154691	0.154691	0.0773	666746(SILVA*+0.0911);822685(SILVA*+0.0912);813034(GG+0.282)
g__Dietzia	3	2	1	3	0	up	1	1	2	2	2	0.000566597	0.156978	0.156978	0.0691	666746(SILVA*+0.171);822685(SILVA*+0.0746);813034(GG+0.225)
g__Lysinibacillus	3	2	1	3	0	up	1	1	2	3	2.5	0.00541194	0.213118	0.213118	0.0671	666746(SILVA*+0.135);822685(SILVA*+0.0836);813034(GG+0.421)
g__Aerococcus	3	2	1	3	0	up	1	1	2	2	2	0.0230813	0.165309	0.165309	0.0571	666746(SILVA*+0.13);822685(SILVA*+0.0836);813034(GG+0.282)
g__Ralstonia	3	2	1	3	0	up	1	1	2	2	2	0.0179546	0.13693	0.13693	0.0486	666746(SILVA*+0.111);822685(SILVA*+0.0912);813034(GG+0.209)
g__Gordonia	3	2	1	3	0	up	1	1	2	2	2	0.000609771	0.100047	0.100047	0.0421	666746(SILVA*+0.142);822685(SILVA*+0.0836);813034(GG+0.0746)
g__Sphingobium	3	2	1	3	0	up	1	1	2	2	2	0.0179546	0.147889	0.147889	0.0391	666746(SILVA*+0.135);822685(SILVA*+0.0836);813034(GG+0.225)
g__Legionella	3	2	1	3	0	up	1	1	2	2	2	0.000286364	0.175043	0.175043	0.0303	666746(SILVA*+0.152);822685(SILVA*+0.0912);813034(GG+0.282)
g__Variovorax	3	2	1	3	0	up	1	1	2	1	2	8.87297e-05	0.100441	0.100441	0.0221	666746(SILVA*+0.152);822685(SILVA*+0.0746);813034(GG+0.0746)
g__Fluviicola	3	2	1	3	0	up	1	1	2	2	2	8.87297e-05	0.145177	0.145177	0.0178	666746(SILVA*+0.152);822685(SILVA*+0.0746);813034(GG+0.209)
g__Bradyrhizobium	3	2	1	3	0	up	1	1	2	2	2	0.000403338	0.147178	0.147178	0.0137	666746(SILVA*+0.142);822685(SILVA*+0.0746);813034(GG+0.225)
g__Lentimicrobium	2	2	0	2	0	up	1	1	2	2	2	0.0388238	0.199935	0.199935	0.2948	666746(SILVA*+0.171);822685(SILVA*+0.229);813034(NA)
g__[Eubacterium]_yurii_group	2	2	0	2	0	up	1	1	2	1	2	0.0388238	0.153948	0.153948	0.2161	666746(SILVA*+0.139);822685(SILVA*+0.169);813034(NA)
g__Family_XIII_UCG-001	2	2	0	2	0	up	1	1	2	2	2	0.0225841	0.158214	0.158214	0.1957	666746(SILVA*+0.185);822685(SILVA*+0.131);813034(NA)
g__Peptoanaerobacter	2	2	0	2	0	up	1	1	2	2	2	0.00323962	0.179712	0.179712	0.1861	666746(SILVA*+0.185);822685(SILVA*+0.174);813034(NA)
g__Alysiella	2	2	0	2	0	up	1	1	2	2	2	0.00323962	0.141406	0.141406	0.1125	666746(SILVA*+0.171);822685(SILVA*+0.112);813034(NA)
g__Streptobacillus	2	2	0	2	0	up	1	1	2	2	2	0.00157225	0.136266	0.136266	0.0685	666746(SILVA*+0.171);822685(SILVA*+0.101);813034(NA)
g__Vulcaniibacterium	2	2	0	2	0	up	1	1	2	2	2	0.0345764	0.121118	0.121118	0.0681	666746(SILVA*+0.151);822685(SILVA*+0.0912);813034(NA)
g__Pseudoramibacter	2	2	0	2	0	up	1	1	2	2	2	0.0176579	0.110861	0.110861	0.067	666746(SILVA*+0.13);822685(SILVA*+0.0912);813034(NA)
g__Novosphingobium	2	2	0	2	0	up	1	1	2	1	2	0.00492534	0.113357	0.113357	0.0612	666746(SILVA*+0.152);822685(SILVA*+0.0746);813034(NA)
g__Eggerthia	2	2	0	2	0	up	1	1	2	2	2	0.0188944	0.110861	0.110861	0.0593	666746(SILVA*+0.13);822685(SILVA*+0.0912);813034(NA)
g__Blvii28_wastewater-sludge_group	2	2	0	2	0	up	1	1	2	2	2	0.000803043	0.131816	0.131816	0.0497	666746(SILVA*+0.152);822685(SILVA*+0.112);813034(NA)
g__Gardnerella	2	2	0	2	0	up	1	1	2	1	2	0.00157225	0.108247	0.108247	0.0412	666746(SILVA*+0.142);822685(SILVA*+0.0746);813034(NA)
g__Flexilinea	2	2	0	2	0	up	1	1	2	2	2	0.0388238	0.107067	0.107067	0.0412	666746(SILVA*+0.13);822685(SILVA*+0.0836);813034(NA)
g__Erythrobacter	2	2	0	2	0	up	1	1	2	2	2	8.87297e-05	0.153785	0.153785	0.0381	666746(SILVA*+0.216);822685(SILVA*+0.0912);813034(NA)
g__Christensenellaceae_R-7_group	2	2	0	2	0	up	1	1	2	2	2	0.00367787	0.117875	0.117875	0.0331	666746(SILVA*+0.152);822685(SILVA*+0.0836);813034(NA)
g__Lachnospira	2	2	0	2	0	up	1	1	2	2	2	0.00452458	0.112765	0.112765	0.0281	666746(SILVA*+0.142);822685(SILVA*+0.0836);813034(NA)
g__Cryptobacterium	2	2	0	2	0	up	1	1	2	2	2	0.00224673	0.112765	0.112765	0.0243	666746(SILVA*+0.142);822685(SILVA*+0.0836);813034(NA)
g__UCG-002	2	2	0	2	0	up	1	1	2	2	2	0.00118228	0.117875	0.117875	0.0231	666746(SILVA*+0.152);822685(SILVA*+0.0836);813034(NA)
g__Alloscardovia	2	2	0	2	0	up	1	1	2	2	2	0.000390308	0.112765	0.112765	0.0231	666746(SILVA*+0.142);822685(SILVA*+0.0836);813034(NA)
g__Family_XIII_AD3011_group	2	2	0	2	0	up	1	1	2	2	2	0.00379532	0.112765	0.112765	0.0231	666746(SILVA*+0.142);822685(SILVA*+0.0836);813034(NA)
g__Aeromonas	2	2	0	2	0	up	1	1	2	2	2	8.87297e-05	0.144782	0.144782	0.0181	666746(SILVA*+0.198);822685(SILVA*+0.0912);813034(NA)
g__Lachnospiraceae_NK3A20_group	2	2	0	2	0	up	1	1	2	2	2	0.00157225	0.104796	0.104796	0.0181	666746(SILVA*+0.135);822685(SILVA*+0.0746);813034(NA)
g__Acholeplasma	2	2	0	2	0	up	1	1	2	1	2	0.00157225	0.104796	0.104796	0.0173	666746(SILVA*+0.135);822685(SILVA*+0.0746);813034(NA)
g__Romboutsia	2	2	0	2	0	up	1	1	2	1	2	0.00157688	0.104796	0.104796	0.0173	666746(SILVA*+0.135);822685(SILVA*+0.0746);813034(NA)
g__Brucella	2	2	0	2	0	up	1	1	2	1	2	0.00157225	0.104796	0.104796	0.0143	666746(SILVA*+0.135);822685(SILVA*+0.0746);813034(NA)
g__Ottowia	2	2	0	2	0	up	1	1	2	1	2	8.87297e-05	0.122947	0.122947	0.0131	666746(SILVA*+0.171);822685(SILVA*+0.0746);813034(NA)
g__Ruthenibacterium	2	2	0	2	0	up	1	1	2	2	2	0.000360936	0.117875	0.117875	0.0131	666746(SILVA*+0.152);822685(SILVA*+0.0836);813034(NA)
g__Fannyhessea	2	2	0	2	0	up	1	1	2	2	2	0.00140447	0.112765	0.112765	0.0131	666746(SILVA*+0.142);822685(SILVA*+0.0836);813034(NA)
g__Phaselicystis	2	2	0	2	0	up	1	1	2	2	2	0.000403338	0.112765	0.112765	0.0131	666746(SILVA*+0.142);822685(SILVA*+0.0836);813034(NA)
g__Caulobacter	2	2	0	2	0	up	1	1	2	2	2	0.00588081	0.109314	0.109314	0.0131	666746(SILVA*+0.135);822685(SILVA*+0.0836);813034(NA)
g__Prosthecobacter	2	2	0	2	0	up	1	1	2	2	2	0.00157225	0.109314	0.109314	0.0131	666746(SILVA*+0.135);822685(SILVA*+0.0836);813034(NA)
g__Rhizorhabdus	2	2	0	2	0	up	1	1	2	2	2	0.00664124	0.107067	0.107067	0.0131	666746(SILVA*+0.13);822685(SILVA*+0.0836);813034(NA)
g__Fuscovulum	2	2	0	2	0	up	1	1	2	2	2	8.87297e-05	0.113357	0.113357	0.0112	666746(SILVA*+0.152);822685(SILVA*+0.0746);813034(NA)
g__Neobacillus	2	2	0	2	0	up	1	1	2	2	2	0.000166401	0.121669	0.121669	0.0081	666746(SILVA*+0.152);822685(SILVA*+0.0912);813034(NA)
g__Paucibacter	2	2	0	2	0	up	1	1	2	2	2	0.000390308	0.121669	0.121669	0.0081	666746(SILVA*+0.152);822685(SILVA*+0.0912);813034(NA)
g__Pseudaeromonas	2	2	0	2	0	up	1	1	2	2	2	8.87297e-05	0.117875	0.117875	0.0081	666746(SILVA*+0.152);822685(SILVA*+0.0836);813034(NA)
g__Roseimarinus	2	2	0	2	0	up	1	1	2	2	2	8.87297e-05	0.117875	0.117875	0.0081	666746(SILVA*+0.152);822685(SILVA*+0.0836);813034(NA)
g__Leifsonia	2	2	0	2	0	up	1	1	2	2	2	8.87297e-05	0.113357	0.113357	0.0081	666746(SILVA*+0.152);822685(SILVA*+0.0746);813034(NA)
g__Dolosigranulum	2	2	0	2	0	up	1	1	2	2	2	0.00157225	0.112765	0.112765	0.0081	666746(SILVA*+0.142);822685(SILVA*+0.0836);813034(NA)
g__Intestinibacter	2	2	0	2	0	up	1	1	2	2	2	0.00154972	0.112765	0.112765	0.0081	666746(SILVA*+0.142);822685(SILVA*+0.0836);813034(NA)
g__Gemmiger	2	2	0	2	0	up	1	1	2	2	2	0.00157688	0.109314	0.109314	0.0081	666746(SILVA*+0.135);822685(SILVA*+0.0836);813034(NA)
g__Proteiniphilum	2	2	0	2	0	up	1	1	2	2	2	0.00157225	0.109314	0.109314	0.0081	666746(SILVA*+0.135);822685(SILVA*+0.0836);813034(NA)
g__Parascardovia	2	2	0	2	0	up	1	1	2	1	2	0.00157225	0.104796	0.104796	0.0081	666746(SILVA*+0.135);822685(SILVA*+0.0746);813034(NA)
g__Streptococcus	3	2	1	0	3	down	1	1	1	1	1	0.000109322	0.874726	-0.874726	0.978	666746(SILVA-0.23);822685(SILVA*-0.927);813034(GG-1.47)
g__Neisseria	3	2	1	0	3	down	1	1	1	2	1.5	0.0114911	1.28739	-1.28739	0.8802	666746(SILVA-0.211);822685(SILVA*-1.55);813034(GG-2.1)
g__Veillonella	3	2	1	0	3	down	1	1	1	2	1.5	2.04004e-05	1.17036	-1.17036	0.8374	666746(SILVA-0.275);822685(SILVA*-2.07);813034(GG-1.17)
g__Fusobacterium	3	2	1	3	0	up	1	1	1	1	1	0.0093789	0.611101	0.611101	0.8185	666746(SILVA+0.299);822685(SILVA*+1.1);813034(GG+0.439)
g__Granulicatella	3	2	1	0	3	down	1	1	1	1	1	9.18705e-06	0.672887	-0.672887	0.7974	666746(SILVA-0.473);822685(SILVA*-1.45);813034(GG-0.0963)
g__Parvimonas	3	2	1	3	0	up	1	1	1	2	1.5	0.0388238	0.937794	0.937794	0.7419	666746(SILVA+0.0828);822685(SILVA*+0.575);813034(GG+2.16)
g__Rothia	3	2	1	0	3	down	1	1	1	2	1.5	0.00410632	1.27412	-1.27412	0.7214	666746(SILVA-0.412);822685(SILVA*-0.775);813034(GG-2.64)
g__Oribacterium	3	2	1	0	3	down	1	1	1	1	1	0.0388238	0.275595	-0.275595	0.6945	666746(SILVA-0.28);822685(SILVA*-0.427);813034(GG-0.12)
g__Treponema	3	2	1	3	0	up	1	1	1	1	1	0.0308664	0.52447	0.52447	0.6512	666746(SILVA+0.152);822685(SILVA*+0.576);813034(GG+0.845)
g__Corynebacterium	3	2	1	0	3	down	1	1	1	1	1	0.0230813	0.478198	-0.478198	0.6065	666746(SILVA*-0.971);822685(SILVA-0.0319);813034(GG-0.432)
g__Peptococcus	3	2	1	3	0	up	1	1	1	1	1	0.0180647	0.335763	0.335763	0.5116	666746(SILVA+0.0889);822685(SILVA*+0.31);813034(GG+0.609)
g__Kingella	3	2	1	3	0	up	1	1	1	0	1	0.0795398	0.128968	0.128968	0.2848	666746(SILVA*+0.242);822685(SILVA+0.0553);813034(GG+0.0893)
g__Peptoniphilus	3	2	1	3	0	up	1	1	1	1	1	0.0440381	0.111452	0.111452	0.2765	666746(SILVA+0.0704);822685(SILVA*+0.101);813034(GG+0.163)
g__Pyramidobacter	3	2	1	3	0	up	1	1	1	0	1	0.0649479	0.126829	0.126829	0.1507	666746(SILVA*+0.13);822685(SILVA+0.0746);813034(GG+0.175)
g__Enterobacter	3	2	1	3	0	up	1	1	1	1	1	0.0605615	0.191194	0.191194	0.1085	666746(SILVA+0.133);822685(SILVA*+0.0891);813034(GG+0.351)
g__Flavobacterium	3	2	1	3	0	up	1	1	1	1	1	0.00588081	0.0970345	0.0970345	0.0865	666746(SILVA*+0.142);822685(SILVA+0.0746);813034(GG+0.0746)
g__Faecalibacterium	3	2	1	3	0	up	1	1	1	2	1.5	0.0388238	0.181894	0.181894	0.0778	666746(SILVA+0.111);822685(SILVA*+0.0836);813034(GG+0.351)
g__Sneathia	3	2	1	3	0	up	1	1	1	1	1	0.00135728	0.145177	0.145177	0.0685	666746(SILVA*+0.152);822685(SILVA+0.0746);813034(GG+0.209)
g__Pseudoxanthomonas	3	2	1	3	0	up	1	1	1	1	1	0.0388238	0.13505	0.13505	0.0537	666746(SILVA+0.0889);822685(SILVA*+0.0912);813034(GG+0.225)
g__Mobiluncus	3	2	1	3	0	up	1	1	1	2	1.5	0.00323962	0.185135	0.185135	0.0486	666746(SILVA*+0.139);822685(SILVA+0.0649);813034(GG+0.351)
g__Bergeyella	2	2	0	2	0	up	1	1	1	1	1	0.0179546	0.769624	0.769624	0.5172	666746(SILVA*+1.53);822685(SILVA+0.00621);813034(NA)
g__Johnsonella	2	2	0	2	0	up	1	1	1	1	1	0.0552776	0.125515	0.125515	0.4322	666746(SILVA+0.0823);822685(SILVA*+0.169);813034(NA)
g__Slackia	2	1	1	2	0	up	1	1	1	1	1	0.00145315	0.270108	0.270108	0.425	666746(SILVA*+0.226);822685(NA);813034(GG+0.315)
g__Methylobacterium	2	1	1	0	2	down	1	1	1	0	1	0.0766755	0.124322	-0.124322	0.415	666746(SILVA*-0.143);822685(NA);813034(GG-0.106)
g__Agrobacterium	2	1	1	2	0	up	1	1	1	0	1	0.0795398	0.1081	0.1081	0.235	666746(SILVA*+0.13);822685(NA);813034(GG+0.0857)
g__Alistipes	2	2	0	2	0	up	1	1	1	1	1	0.0388238	0.108422	0.108422	0.1731	666746(SILVA+0.133);822685(SILVA*+0.0836);813034(NA)
g__Fretibacterium	2	2	0	2	0	up	1	1	1	0	1	0.0649479	0.0725733	0.0725733	0.1429	666746(SILVA*+0.119);822685(SILVA+0.0257);813034(NA)
g__Howardella	2	2	0	2	0	up	1	1	1	1	1	0.000150882	0.137543	0.137543	0.1359	666746(SILVA*+0.198);822685(SILVA+0.0767);813034(NA)
g__Akkermansia	2	1	1	2	0	up	1	1	1	1	1	0.0388238	0.0790888	0.0790888	0.1281	666746(NA);822685(SILVA*+0.0836);813034(GG+0.0745)
g__Mediterraneibacter	2	2	0	2	0	up	1	1	1	1	1	0.0388238	0.0862599	0.0862599	0.1181	666746(SILVA+0.0889);822685(SILVA*+0.0836);813034(NA)
g__Anaeroglobus	2	2	0	2	0	up	1	1	1	1	1	0.0101273	0.0951444	0.0951444	0.1172	666746(SILVA*+0.135);822685(SILVA+0.0553);813034(NA)
g__Hornefia	2	2	0	2	0	up	1	1	1	1	1	0.000774805	0.121029	0.121029	0.1117	666746(SILVA*+0.216);822685(SILVA+0.0257);813034(NA)
g__Pseudonocardia	2	1	1	2	0	up	1	1	1	1	1	0.00692726	0.177769	0.177769	0.11	666746(SILVA*+0.13);822685(NA);813034(GG+0.225)
g__Shuttleworthia	2	1	1	2	0	up	1	1	1	2	1.5	0.0475671	0.206145	0.206145	0.105	666746(SILVA*+0.13);822685(NA);813034(GG+0.282)
g__Limnobacter	2	1	1	2	0	up	1	1	1	1	1	0.000499371	0.166999	0.166999	0.105	666746(SILVA*+0.142);822685(NA);813034(GG+0.192)
g__Delftia	2	1	1	2	0	up	1	1	1	1	1	0.00148434	0.183468	0.183468	0.1025	666746(SILVA*+0.142);822685(NA);813034(GG+0.225)
g__Limosilactobacillus	2	2	0	2	0	up	1	1	1	1	1	0.00367787	0.104796	0.104796	0.0948	666746(SILVA*+0.135);822685(SILVA+0.0746);813034(NA)
g__Moraxella	2	2	0	2	0	up	1	1	1	0	1	0.0755559	0.0817419	0.0817419	0.0931	666746(SILVA+0.0889);822685(SILVA*+0.0746);813034(NA)
g__W5053	2	2	0	2	0	up	1	1	1	1	1	0.0113786	0.090569	0.090569	0.0882	666746(SILVA*+0.142);822685(SILVA+0.0392);813034(NA)
g__Nocardioides	2	1	1	2	0	up	1	1	1	1	1	0.0137866	0.22353	0.22353	0.085	666746(SILVA*+0.165);822685(NA);813034(GG+0.282)
g__Thermus	2	1	1	2	0	up	1	1	1	1	1	0.00157225	0.235034	0.235034	0.08	666746(SILVA*+0.135);822685(NA);813034(GG+0.335)
g__TM7a	2	2	0	2	0	up	1	1	1	1	1	0.000747484	0.117875	0.117875	0.079	666746(SILVA*+0.152);822685(SILVA+0.0836);813034(NA)
g__Varibaculum	2	1	1	2	0	up	1	1	1	2	1.5	0.00109547	0.28642	0.28642	0.0725	666746(SILVA*+0.152);822685(NA);813034(GG+0.421)
g__Erysipelotrichaceae_UCG-006	2	2	0	2	0	up	1	1	1	0	1	0.0993913	0.0878358	0.0878358	0.0723	666746(SILVA*+0.111);822685(SILVA+0.0649);813034(NA)
g__Actinomycetospora	2	1	1	2	0	up	1	1	1	1	1	0.00157225	0.104801	0.104801	0.0675	666746(SILVA*+0.135);822685(NA);813034(GG+0.0746)
g__Rheinheimera	2	1	1	2	0	up	1	1	1	2	1.5	0.00157225	0.240066	0.240066	0.065	666746(SILVA*+0.198);822685(NA);813034(GG+0.282)
g__Janibacter	2	2	0	2	0	up	1	1	1	1	1	0.0420188	0.112765	0.112765	0.0581	666746(SILVA+0.142);822685(SILVA*+0.0836);813034(NA)
g__Aminipila	2	2	0	2	0	up	1	1	1	1	1	0.00156521	0.103403	0.103403	0.0563	666746(SILVA*+0.135);822685(SILVA+0.0718);813034(NA)
g__Proteus	2	1	1	2	0	up	1	1	1	2	1.5	0.00157225	0.208392	0.208392	0.055	666746(SILVA*+0.135);822685(NA);813034(GG+0.282)
g__Salinicoccus	2	1	1	2	0	up	1	1	1	1	1	0.000417316	0.183468	0.183468	0.055	666746(SILVA*+0.142);822685(NA);813034(GG+0.225)
g__Rubellimicrobium	2	1	1	2	0	up	1	1	1	2	1.5	0.00122372	0.251706	0.251706	0.0525	666746(SILVA*+0.152);822685(NA);813034(GG+0.351)
g__Flavisolibacter	2	1	1	2	0	up	1	1	1	1	1	0.00201692	0.243145	0.243145	0.0525	666746(SILVA*+0.135);822685(NA);813034(GG+0.351)
g__Methylorubrum	2	2	0	2	0	up	1	1	1	1	1	0.0388238	0.110861	0.110861	0.0512	666746(SILVA+0.13);822685(SILVA*+0.0912);813034(NA)
g__Alkanindiges	2	1	1	2	0	up	1	1	1	2	1.5	0.00039812	0.211843	0.211843	0.04	666746(SILVA*+0.142);822685(NA);813034(GG+0.282)
g__Sphaerochaeta	2	1	1	2	0	up	1	1	1	1	1	0.00664124	0.206145	0.206145	0.04	666746(SILVA*+0.13);822685(NA);813034(GG+0.282)
g__Marinobacter	2	1	1	2	0	up	1	1	1	1	1	0.024242	0.129166	0.129166	0.04	666746(SILVA*+0.111);822685(NA);813034(GG+0.148)
g__Hydrogenophaga	2	1	1	2	0	up	1	1	1	1	1	0.000296231	0.198167	0.198167	0.0375	666746(SILVA*+0.171);822685(NA);813034(GG+0.225)
g__Devosia	2	1	1	2	0	up	1	1	1	1	1	0.00664124	0.206145	0.206145	0.035	666746(SILVA*+0.13);822685(NA);813034(GG+0.282)
g__Zoogloea	2	1	1	2	0	up	1	1	1	1	1	0.000411826	0.108252	0.108252	0.035	666746(SILVA*+0.142);822685(NA);813034(GG+0.0746)
g__Dyadobacter	2	1	1	2	0	up	1	1	1	1	1	0.00541194	0.177769	0.177769	0.0325	666746(SILVA*+0.13);822685(NA);813034(GG+0.225)
g__Gemmata	2	1	1	2	0	up	1	1	1	1	1	0.00030346	0.180466	0.180466	0.03	666746(SILVA*+0.152);822685(NA);813034(GG+0.209)
g__Vibrio	2	1	1	2	0	up	1	1	1	1	1	0.00154972	0.175356	0.175356	0.03	666746(SILVA*+0.142);822685(NA);813034(GG+0.209)
g__Dermabacter	2	1	1	2	0	up	1	1	1	1	1	0.0198173	0.19627	0.19627	0.0275	666746(SILVA*+0.111);822685(NA);813034(GG+0.282)
g__Lacticaseibacillus	2	2	0	2	0	up	1	1	1	1	1	0.00157225	0.0965378	0.0965378	0.0266	666746(SILVA*+0.135);822685(SILVA+0.0581);813034(NA)
g__Cupriavidus	2	2	0	2	0	up	1	1	1	1	1	0.00157225	0.0951444	0.0951444	0.0266	666746(SILVA*+0.135);822685(SILVA+0.0553);813034(NA)
g__Desulfomicrobium	2	2	0	2	0	up	1	1	1	1	1	0.00157225	0.0951444	0.0951444	0.0266	666746(SILVA*+0.135);822685(SILVA+0.0553);813034(NA)
g__Roseateles	2	1	1	2	0	up	1	1	1	1	1	0.0024998	0.208392	0.208392	0.0225	666746(SILVA*+0.135);822685(NA);813034(GG+0.282)
g__Methylophilus	2	2	0	2	0	up	1	1	1	1	1	0.00677161	0.0977108	0.0977108	0.0223	666746(SILVA*+0.13);822685(SILVA+0.0649);813034(NA)
g__Tepidimonas	2	1	1	2	0	up	1	1	1	0	1	0.0784982	0.14982	0.14982	0.0187	666746(NA);822685(SILVA*+0.0746);813034(GG+0.225)
g__Alloiococcus	2	1	1	2	0	up	1	1	1	2	1.5	0.00157688	0.243145	0.243145	0.0175	666746(SILVA*+0.135);822685(NA);813034(GG+0.351)
g__Butyricimonas	2	1	1	2	0	up	1	1	1	1	1	0.00157225	0.208392	0.208392	0.0175	666746(SILVA*+0.135);822685(NA);813034(GG+0.282)
g__Gemmatimonas	2	1	1	2	0	up	1	1	1	1	1	0.000166401	0.180466	0.180466	0.0175	666746(SILVA*+0.152);822685(NA);813034(GG+0.209)
g__Cohnella	2	1	1	2	0	up	1	1	1	1	1	0.00157225	0.180016	0.180016	0.0175	666746(SILVA*+0.135);822685(NA);813034(GG+0.225)
g__Cellulomonas	2	1	1	2	0	up	1	1	1	1	1	0.000391488	0.17837	0.17837	0.0175	666746(SILVA*+0.148);822685(NA);813034(GG+0.209)
g__Sediminibacterium	2	1	1	2	0	up	1	1	1	1	1	0.00157225	0.171905	0.171905	0.0175	666746(SILVA*+0.135);822685(NA);813034(GG+0.209)
g__Tsuneonella	2	2	0	2	0	up	1	1	1	1	1	0.00157225	0.0999578	0.0999578	0.0143	666746(SILVA*+0.135);822685(SILVA+0.0649);813034(NA)
g__Pelospora	2	2	0	2	0	up	1	1	1	1	1	0.00157688	0.105869	0.105869	0.0112	666746(SILVA*+0.135);822685(SILVA+0.0767);813034(NA)
g__Gemella	3	2	1	3	0	up	1	1	0	0	0	0.187167	0.171493	0.171493	0.9045	666746(SILVA+0.0217);822685(SILVA+0.272);813034(GG+0.221)
g__Aggregatibacter	3	2	1	3	0	up	1	1	0	0	0	0.523218	0.163844	0.163844	0.5693	666746(SILVA+0.0889);822685(SILVA+0.00621);813034(GG+0.396)
g__Eikenella	3	2	1	3	0	up	1	1	0	0	0	0.143488	0.0860677	0.0860677	0.5479	666746(SILVA+0.143);822685(SILVA+0.0891);813034(GG+0.0257)
g__Cardiobacterium	3	2	1	3	0	up	1	1	0	0	0	0.240412	0.06328	0.06328	0.2409	666746(SILVA+0.109);822685(SILVA+0.00621);813034(GG+0.0746)
g__Scardovia	3	2	1	3	0	up	1	1	0	0	0	0.183969	0.0835531	0.0835531	0.1898	666746(SILVA+0.152);822685(SILVA+0.0412);813034(GG+0.0574)
g__Klebsiella	3	2	1	3	0	up	1	1	0	0	0	0.239373	0.0960932	0.0960932	0.1222	666746(SILVA+0.0823);822685(SILVA+0.0746);813034(GG+0.131)
g__Incertae_Sedis	2	2	0	2	0	up	1	1	0	0	0	0.174069	0.0959437	0.0959437	0.9117	666746(SILVA+0.0202);822685(SILVA+0.172);813034(NA)
g__Lachnoanaerobaculum	2	2	0	2	0	up	1	1	0	0	0	0.41777	0.119187	0.119187	0.6772	666746(SILVA+0.134);822685(SILVA+0.104);813034(NA)
g__Schaalia	2	2	0	0	2	down	1	1	0	0	0	0.226949	0.317603	-0.317603	0.5867	666746(SILVA-0.558);822685(SILVA-0.077);813034(NA)
g__Pseudoleptotrichia	2	2	0	2	0	up	1	1	0	0	0	0.396235	0.157521	0.157521	0.4477	666746(SILVA+0.25);822685(SILVA+0.0649);813034(NA)
g__Lancefieldella	2	2	0	2	0	up	1	1	0	0	0	0.537572	0.0534458	0.0534458	0.338	666746(SILVA+0.0889);822685(SILVA+0.018);813034(NA)
g__Rikenellaceae_RC9_gut_group	2	2	0	2	0	up	1	1	0	0	0	0.165917	0.0977108	0.0977108	0.218	666746(SILVA+0.13);822685(SILVA+0.0649);813034(NA)
g__Brevibacillus	2	1	1	2	0	up	1	1	0	0	0	0.230302	0.0499568	0.0499568	0.1775	666746(SILVA+0.0587);822685(NA);813034(GG+0.0412)
g__Phenylobacterium	2	1	1	2	0	up	1	1	0	0	0	0.393386	0.0950473	0.0950473	0.1575	666746(SILVA+0.0587);822685(NA);813034(GG+0.131)
g__Escherichia-Shigella	2	2	0	2	0	up	1	1	0	0	0	0.240552	0.0704942	0.0704942	0.1522	666746(SILVA+0.109);822685(SILVA+0.032);813034(NA)
g__[Eubacterium]_brachy_group	2	2	0	2	0	up	1	1	0	0	0	0.240552	0.0566921	0.0566921	0.1472	666746(SILVA+0.0911);822685(SILVA+0.0223);813034(NA)
g__Candidatus_Saccharimonas	2	2	0	2	0	up	1	1	0	0	0	0.200288	0.0615118	0.0615118	0.1451	666746(SILVA+0.0911);822685(SILVA+0.032);813034(NA)
g__Olsenella	2	2	0	2	0	up	1	1	0	0	0	0.189076	0.0736206	0.0736206	0.1235	666746(SILVA+0.0823);822685(SILVA+0.0649);813034(NA)
g__Lysobacter	2	1	1	2	0	up	1	1	0	0	0	0.298108	0.136219	0.136219	0.1225	666746(SILVA+0.0474);822685(NA);813034(GG+0.225)
g__Geobacillus	2	1	1	2	0	up	1	1	0	0	0	0.12505	0.130931	0.130931	0.0925	666746(SILVA+0.13);822685(NA);813034(GG+0.131)
g__Ligilactobacillus	2	2	0	2	0	up	1	1	0	0	0	0.186881	0.0704942	0.0704942	0.0897	666746(SILVA+0.109);822685(SILVA+0.032);813034(NA)
g__Lawsonella	2	2	0	2	0	up	1	1	0	0	0	0.160988	0.0878358	0.0878358	0.0873	666746(SILVA+0.111);822685(SILVA+0.0649);813034(NA)
g__[Eubacterium]_saphenum_group	2	2	0	2	0	up	1	1	0	0	0	0.12694	0.0650317	0.0650317	0.0844	666746(SILVA+0.0889);822685(SILVA+0.0412);813034(NA)
g__Pedobacter	2	1	1	2	0	up	1	1	0	1	0.5	0.165917	0.231023	0.231023	0.0725	666746(SILVA+0.111);822685(NA);813034(GG+0.351)
g__F0332	2	2	0	2	0	up	1	1	0	0	0	0.134398	0.07799	0.07799	0.0562	666746(SILVA+0.0911);822685(SILVA+0.0649);813034(NA)
g__Ramlibacter	2	1	1	2	0	up	1	1	0	1	0.5	0.136387	0.220091	0.220091	0.0525	666746(SILVA+0.0889);822685(NA);813034(GG+0.351)
g__Pseudomonas	3	2	1	2	1	up	0	0.666667	2	2	1	0.01331	0.504257	-0.25301	0.5778	666746(SILVA*-1.14);822685(SILVA*+0.131);813034(GG+0.246)
g__Bacillus	3	2	1	1	2	down	0	0.666667	2	2	1	8.87297e-05	1.22929	-1.17353	0.4678	666746(SILVA*-2.37);822685(SILVA*+0.0836);813034(GG-1.24)
g__Blautia	3	2	1	2	1	up	0	0.666667	2	2	1	0.00828974	0.385796	-0.242465	0.3441	666746(SILVA*-0.942);822685(SILVA*+0.0836);813034(GG+0.131)
g__Butyrivibrio	3	2	1	2	1	up	0	0.666667	2	2	2	0.00157225	0.190146	0.00984173	0.3293	666746(SILVA*+0.216);822685(SILVA*+0.0836);813034(GG-0.27)
g__Enterococcus	3	2	1	2	1	up	0	0.666667	2	2	2	0.00464946	0.367809	-0.201873	0.2924	666746(SILVA*+0.165);822685(SILVA*+0.0836);813034(GG-0.855)
g__Cloacibacterium	3	2	1	2	1	up	0	0.666667	2	2	2	0.00168911	0.243874	-0.0867083	0.2095	666746(SILVA*+0.152);822685(SILVA*+0.0836);813034(GG-0.496)
g__Comamonas	3	2	1	1	2	down	0	0.666667	2	1	1	0.0290238	0.0906158	-0.000620467	0.1905	666746(SILVA*+0.135);822685(SILVA*-0.0381);813034(GG-0.0988)
g__Chryseobacterium	3	2	1	2	1	up	0	0.666667	2	2	2	0.00477742	0.126648	0.0483646	0.1274	666746(SILVA*+0.171);822685(SILVA*+0.0912);813034(GG-0.117)
g__Roseomonas	3	2	1	2	1	up	0	0.666667	2	2	2	0.0345764	0.0920083	0.0591338	0.1254	666746(SILVA*+0.152);822685(SILVA*+0.0746);813034(GG-0.0493)
g__Coprococcus	3	2	1	2	1	up	0	0.666667	2	2	2	0.00039812	0.111165	0.0391887	0.1004	666746(SILVA*+0.142);822685(SILVA*+0.0836);813034(GG-0.108)
g__Luteimonas	3	2	1	2	1	up	0	0.666667	2	2	2	0.000276844	0.0873799	0.0825735	0.0654	666746(SILVA*+0.171);822685(SILVA*+0.0836);813034(GG-0.00721)
g__Skermanella	3	2	1	2	1	up	0	0.666667	2	2	2	0.0039021	0.0752793	0.0704729	0.0591	666746(SILVA*+0.135);822685(SILVA*+0.0836);813034(GG-0.00721)
g__Ruminococcus	3	2	1	2	1	up	0	0.666667	2	2	2	0.000390308	0.0860247	0.0711414	0.0537	666746(SILVA*+0.152);822685(SILVA*+0.0836);813034(GG-0.0223)
g__Megamonas	2	2	0	1	1	up	0	0.5	2	2	1	0.0137866	0.452671	-0.361447	0.4993	666746(SILVA*-0.814);822685(SILVA*+0.0912);813034(NA)
g__Roseburia	2	2	0	1	1	up	0	0.5	2	2	1	0.0188944	0.445804	-0.344568	0.4816	666746(SILVA*-0.79);822685(SILVA*+0.101);813034(NA)
g__Burkholderia-Caballeronia-Paraburkholderia	2	2	0	1	1	up	0	0.5	2	1	1	0.0388238	0.284675	-0.20104	0.2481	666746(SILVA*-0.486);822685(SILVA*+0.0836);813034(NA)
g__F0058	2	2	0	1	1	up	0	0.5	2	2	1	0.0077474	0.199761	-0.064768	0.2201	666746(SILVA*+0.135);822685(SILVA*-0.265);813034(NA)
g__Prevotella	3	2	1	1	2	down	0	0.666667	1	1	0	0.0225841	0.658694	-0.13366	0.9237	666746(SILVA*+0.788);822685(SILVA-0.325);813034(GG-0.863)
g__Capnocytophaga	3	2	1	2	1	up	0	0.666667	1	1	1	0.0623349	0.332081	0.319745	0.8601	666746(SILVA*+0.82);822685(SILVA-0.0185);813034(GG+0.157)
g__Staphylococcus	3	2	1	1	2	down	0	0.666667	1	1	1	0.0353807	0.578153	-0.541289	0.6121	666746(SILVA*-1.12);822685(SILVA+0.0553);813034(GG-0.561)
g__Bacteroides	3	2	1	1	2	down	0	0.666667	1	1	1	0.0377809	0.216005	-0.180326	0.5802	666746(SILVA*-0.48);822685(SILVA+0.0535);813034(GG-0.115)
g__Tannerella	3	2	1	2	1	up	0	0.666667	1	0	1	0.0692121	0.252765	0.0710527	0.5392	666746(SILVA*+0.185);822685(SILVA-0.273);813034(GG+0.301)
g__Bifidobacterium	3	2	1	2	1	up	0	0.666667	1	1	1	0.0479035	0.326072	-0.0253533	0.5223	666746(SILVA-0.527);822685(SILVA*+0.0836);813034(GG+0.367)
g__Lautropia	3	2	1	1	2	down	0	0.666667	1	2	1.5	0.0388238	0.540215	-0.384799	0.5041	666746(SILVA+0.233);822685(SILVA*-0.111);813034(GG-1.28)
g__Paracoccus	3	2	1	2	1	up	0	0.666667	1	2	1	0.0388238	0.334737	-0.083416	0.4308	666746(SILVA+0.286);822685(SILVA*+0.0912);813034(GG-0.627)
g__Enhydrobacter	3	2	1	2	1	up	0	0.666667	1	1	1	0.0388238	0.283564	-0.047019	0.3712	666746(SILVA+0.264);822685(SILVA*+0.0912);813034(GG-0.496)
g__Serratia	3	2	1	2	1	up	0	0.666667	1	2	0.5	5.15977e-05	0.580607	-0.343013	0.3644	666746(SILVA*-1.39);822685(SILVA+0.0746);813034(GG+0.282)
g__Bulleidia	3	2	1	2	1	up	0	0.666667	1	1	1	0.00266903	0.137125	0.0139359	0.3348	666746(SILVA*+0.171);822685(SILVA+0.0553);813034(GG-0.185)
g__Halomonas	3	2	1	2	1	up	0	0.666667	1	1	1	0.0475671	0.0814041	0.0067534	0.323	666746(SILVA*+0.0911);822685(SILVA+0.0412);813034(GG-0.112)
g__Brevundimonas	3	2	1	1	2	down	0	0.666667	1	2	0.5	0.0457011	0.466842	-0.411085	0.2971	666746(SILVA-0.178);822685(SILVA*+0.0836);813034(GG-1.14)
g__Lactobacillus	3	2	1	2	1	up	0	0.666667	1	1	1	0.0104121	0.171506	0.0035063	0.2874	666746(SILVA*+0.171);822685(SILVA+0.0912);813034(GG-0.252)
g__Sphingomonas	3	2	1	2	1	up	0	0.666667	1	0	1	0.089467	0.151211	-0.0290936	0.2862	666746(SILVA+0.109);822685(SILVA*+0.0746);813034(GG-0.27)
g__Sutterella	3	2	1	1	2	down	0	0.666667	1	1	0	0.0388238	0.146542	-0.0907848	0.2704	666746(SILVA-0.349);822685(SILVA*+0.0836);813034(GG-0.00721)
g__Anaerostipes	3	2	1	1	2	down	0	0.666667	1	1	0	0.0388238	0.136079	-0.0803225	0.2704	666746(SILVA-0.275);822685(SILVA*+0.0836);813034(GG-0.0493)
g__Stenotrophomonas	3	2	1	2	1	up	0	0.666667	1	1	1	0.0388238	0.0854189	0.0212491	0.2003	666746(SILVA+0.0688);822685(SILVA*+0.0912);813034(GG-0.0963)
g__Achromobacter	3	2	1	2	1	up	0	0.666667	1	2	1	0.0507519	0.227223	-0.10336	0.1799	666746(SILVA*+0.13);822685(SILVA+0.0553);813034(GG-0.496)
g__Parabacteroides	3	2	1	2	1	up	0	0.666667	1	1	1	0.0457011	0.0672417	0.0343672	0.1595	666746(SILVA+0.0688);822685(SILVA*+0.0836);813034(GG-0.0493)
g__Desulfobulbus	3	2	1	2	1	up	0	0.666667	1	1	1	0.0455351	0.0767656	0.0467998	0.1282	666746(SILVA*+0.111);822685(SILVA+0.0746);813034(GG-0.0449)
g__Leucobacter	3	2	1	2	1	up	0	0.666667	1	1	1	0.00157225	0.0871476	0.0571818	0.0824	666746(SILVA*+0.142);822685(SILVA+0.0746);813034(GG-0.0449)
g__Odoribacter	3	2	1	2	1	up	0	0.666667	1	1	1	0.00157225	0.0573688	0.0525624	0.0656	666746(SILVA*+0.139);822685(SILVA+0.0257);813034(GG-0.00721)
g__Segatella	2	2	0	1	1	up	0	0.5	1	1	0	0.0410865	0.302012	-0.218101	0.811	666746(SILVA+0.0839);822685(SILVA*-0.52);813034(NA)
g__Hoylesella	2	2	0	1	1	up	0	0.5	1	1	0	0.0388238	0.307369	-0.238173	0.7022	666746(SILVA+0.0692);822685(SILVA*-0.546);813034(NA)
g__Alloprevotella	2	2	0	1	1	up	0	0.5	1	1	0	0.0388238	0.109157	-0.0409014	0.4856	666746(SILVA+0.0683);822685(SILVA*-0.15);813034(NA)
g__Atopobium	2	1	1	1	1	up	0	0.5	1	2	1	0.0388238	0.782587	-0.691363	0.4406	666746(NA);822685(SILVA*+0.0912);813034(GG-1.47)
g__Stomatobaculum	2	2	0	1	1	up	0	0.5	1	1	0	0.0455705	0.140818	-0.021382	0.4206	666746(SILVA+0.119);822685(SILVA*-0.162);813034(NA)
g__Shewanella	2	1	1	1	1	up	0	0.5	1	1	1	0.00157225	0.233134	-0.0912395	0.3925	666746(SILVA*+0.142);822685(NA);813034(GG-0.324)
g__Moryella	2	1	1	1	1	up	0	0.5	1	2	1	0.00275741	0.506518	-0.354404	0.3775	666746(SILVA*+0.152);822685(NA);813034(GG-0.861)
g__Propionibacterium	2	1	1	1	1	up	0	0.5	1	2	1	0.0360989	0.558605	-0.423612	0.37	666746(SILVA*+0.135);822685(NA);813034(GG-0.982)
g__Anoxybacillus	2	1	1	1	1	up	0	0.5	1	1	0	8.87297e-05	1.15301	-0.944191	0.3525	666746(SILVA*-2.1);822685(NA);813034(GG+0.209)
g__[Eubacterium]_sulci_group	2	2	0	1	1	up	0	0.5	1	1	0	0.0093789	0.138211	-0.0558927	0.3389	666746(SILVA+0.0823);822685(SILVA*-0.194);813034(NA)
g__Paludibacter	2	1	1	1	1	up	0	0.5	1	1	1	8.87297e-05	0.297976	-0.145863	0.33	666746(SILVA*+0.152);822685(NA);813034(GG-0.444)
g__Brachybacterium	2	1	1	1	1	up	0	0.5	1	1	1	0.0225841	0.180702	0.0176385	0.3225	666746(SILVA*+0.198);822685(NA);813034(GG-0.163)
g__Rhodococcus	2	1	1	1	1	up	0	0.5	1	1	1	5.15977e-05	0.289121	-0.0467725	0.3175	666746(SILVA*+0.242);822685(NA);813034(GG-0.336)
g__Anaerobutyricum	2	2	0	1	1	up	0	0.5	1	1	1	0.0388238	0.193274	-0.109638	0.3162	666746(SILVA-0.303);822685(SILVA*+0.0836);813034(NA)
g__Ammoniphilus	2	1	1	1	1	up	0	0.5	1	2	0.5	8.87297e-05	1.5971	-1.24581	0.3075	666746(SILVA*-2.84);822685(NA);813034(GG+0.351)
g__Exiguobacterium	2	1	1	1	1	up	0	0.5	1	0	1	0.0782	0.0899709	0.0450221	0.3	666746(SILVA*+0.135);822685(NA);813034(GG-0.0449)
g__Enterocloster	2	2	0	1	1	up	0	0.5	1	1	1	0.0388238	0.163297	-0.0796619	0.2631	666746(SILVA-0.243);822685(SILVA*+0.0836);813034(NA)
g__Microbacterium	2	1	1	1	1	up	0	0.5	1	2	1	0.026224	0.364477	-0.225291	0.245	666746(SILVA*+0.139);822685(NA);813034(GG-0.59)
g__TM7x	2	2	0	1	1	up	0	0.5	1	1	0	0.0077474	0.103269	-0.0691376	0.2399	666746(SILVA+0.0341);822685(SILVA*-0.172);813034(NA)
g__Paenibacillus	2	1	1	1	1	up	0	0.5	1	1	0	0.00135728	0.495047	-0.347463	0.23	666746(SILVA*-0.843);822685(NA);813034(GG+0.148)
g__Arthrobacter	2	1	1	1	1	up	0	0.5	1	1	1	0.00030346	0.100713	0.0514011	0.1675	666746(SILVA*+0.152);822685(NA);813034(GG-0.0493)
g__Phocaeicola	2	2	0	1	1	up	0	0.5	1	1	1	0.0193227	0.0817095	0.0574766	0.1357	666746(SILVA*+0.139);822685(SILVA-0.0242);813034(NA)
g__Clostridium	2	1	1	1	1	up	0	0.5	1	1	1	0.00157225	0.120328	0.0215675	0.135	666746(SILVA*+0.142);822685(NA);813034(GG-0.0988)
g__Sphingobacterium	2	1	1	1	1	up	0	0.5	1	1	1	0.00156521	0.0934219	0.0484731	0.1225	666746(SILVA*+0.142);822685(NA);813034(GG-0.0449)
g__Propionivibrio	2	1	1	1	1	up	0	0.5	1	1	1	0.00157225	0.0934219	0.0484731	0.115	666746(SILVA*+0.142);822685(NA);813034(GG-0.0449)
g__Saccharopolyspora	2	1	1	1	1	up	0	0.5	1	1	1	0.00850208	0.0934219	0.0484731	0.1075	666746(SILVA*+0.142);822685(NA);813034(GG-0.0449)
g__Xylanibacter	2	2	0	1	1	up	0	0.5	1	1	1	0.0582566	0.0713492	0.0393998	0.1022	666746(SILVA*+0.111);822685(SILVA-0.0319);813034(NA)
g__Rubrobacter	2	1	1	1	1	up	0	0.5	1	1	1	0.0116935	0.0899054	0.0405936	0.1	666746(SILVA*+0.13);822685(NA);813034(GG-0.0493)
g__Dorea	2	1	1	1	1	up	0	0.5	1	1	1	0.00148434	0.0745523	0.0673427	0.0725	666746(SILVA*+0.142);822685(NA);813034(GG-0.00721)
g__Coprobacillus	2	1	1	1	1	up	0	0.5	1	1	1	0.000114079	0.0796618	0.0724522	0.0675	666746(SILVA*+0.152);822685(NA);813034(GG-0.00721)
g__Jeotgalicoccus	2	1	1	1	1	up	0	0.5	1	1	1	0.00157225	0.0711013	0.0638917	0.0425	666746(SILVA*+0.135);822685(NA);813034(GG-0.00721)
g__Haemophilus	3	2	1	1	2	down	0	0.666667	0	0	0	0.159095	0.34017	-0.245192	0.8752	666746(SILVA+0.142);822685(SILVA-0.196);813034(GG-0.682)
g__Porphyromonas	3	2	1	2	1	up	0	0.666667	0	0	0	0.333622	0.180027	0.086892	0.8471	666746(SILVA+0.144);822685(SILVA-0.14);813034(GG+0.256)
g__Selenomonas	3	2	1	2	1	up	0	0.666667	0	0	0	0.377363	0.294804	0.243597	0.7772	666746(SILVA+0.0889);822685(SILVA-0.0768);813034(GG+0.719)
g__Leptotrichia	3	2	1	2	1	up	0	0.666667	0	0	0	0.263973	0.116697	-0.0267408	0.6706	666746(SILVA+0.0575);822685(SILVA+0.0774);813034(GG-0.215)
g__Dialister	3	2	1	2	1	up	0	0.666667	0	0	0	0.15826	0.218369	0.212187	0.6538	666746(SILVA+0.556);822685(SILVA+0.0894);813034(GG-0.00927)
g__Mogibacterium	3	2	1	1	2	down	0	0.666667	0	0	0	0.462762	0.141731	-0.114697	0.4881	666746(SILVA+0.0406);822685(SILVA-0.114);813034(GG-0.27)
g__Acinetobacter	3	2	1	2	1	up	0	0.666667	0	0	0	0.218567	0.151672	-0.0682989	0.4633	666746(SILVA+0.0338);822685(SILVA+0.0912);813034(GG-0.33)
g__Abiotrophia	3	2	1	2	1	up	0	0.666667	0	0	0	0.223939	0.332507	-0.263136	0.4429	666746(SILVA+0.0391);822685(SILVA+0.0649);813034(GG-0.893)
g__Mycoplasma	3	2	1	2	1	up	0	0.666667	0	0	0	0.131983	0.147973	-0.0155505	0.4099	666746(SILVA+0.0823);822685(SILVA+0.116);813034(GG-0.245)
g__Actinobacillus	3	2	1	2	1	up	0	0.666667	0	0	0	0.396235	0.127233	-0.0493563	0.3155	666746(SILVA+0.0587);822685(SILVA+0.0581);813034(GG-0.265)
g__Micrococcus	2	1	1	1	1	up	0	0.5	0	0	0	0.478607	0.271063	-0.086917	0.5525	666746(SILVA+0.184);822685(NA);813034(GG-0.358)
g__Solobacterium	2	2	0	1	1	up	0	0.5	0	0	0	0.342181	0.0785353	0.0103494	0.53	666746(SILVA+0.0889);822685(SILVA-0.0682);813034(NA)
g__Kocuria	2	1	1	1	1	up	0	0.5	0	0	0	0.269742	0.312009	-0.202987	0.38	666746(SILVA+0.109);822685(NA);813034(GG-0.515)
g__Phascolarctobacterium	2	1	1	1	1	up	0	0.5	0	0	0	0.617361	0.130122	0.122912	0.3475	666746(SILVA+0.253);822685(NA);813034(GG-0.00721)
g__Defluviitaleaceae_UCG-011	2	2	0	1	1	up	0	0.5	0	0	0	0.115898	0.0767241	0.0143331	0.1754	666746(SILVA+0.0911);822685(SILVA-0.0624);813034(NA)
