genus	genus_name	PRJNA666746_SILVA	PRJNA822685_SILVA	PRJNA813034_Greengenes	n_cohorts	in_both_SILVA	status	note
g__1-68	1-68	0	0	1	1	0	Greengenes-only	Greengenes-style environmental/candidate label (no literal SILVA counterpart)
g__[Clostridium]_innocuum_group	[Clostridium]_innocuum_group	1	0	0	1	0	SILVA-only	SILVA-style lineage/informative label (no literal Greengenes counterpart)
g__[Eubacterium]	[Eubacterium]	0	0	1	1	0	Greengenes-only	SILVA bracketed label
g__[Eubacterium]_brachy_group	[Eubacterium]_brachy_group	1	1	0	2	1	shared	SILVA-style lineage/informative label (no literal Greengenes counterpart)
g__[Eubacterium]_eligens_group	[Eubacterium]_eligens_group	1	0	0	1	0	SILVA-only	SILVA-style lineage/informative label (no literal Greengenes counterpart)
g__[Eubacterium]_saphenum_group	[Eubacterium]_saphenum_group	1	1	0	2	1	shared	SILVA-style lineage/informative label (no literal Greengenes counterpart)
g__[Eubacterium]_sulci_group	[Eubacterium]_sulci_group	1	1	0	2	1	shared	SILVA-style lineage/informative label (no literal Greengenes counterpart)
g__[Eubacterium]_ventriosum_group	[Eubacterium]_ventriosum_group	0	1	0	1	0	SILVA-only	SILVA-style lineage/informative label (no literal Greengenes counterpart)
g__[Eubacterium]_xylanophilum_group	[Eubacterium]_xylanophilum_group	1	0	0	1	0	SILVA-only	SILVA-style lineage/informative label (no literal Greengenes counterpart)
g__[Eubacterium]_yurii_group	[Eubacterium]_yurii_group	1	1	0	2	1	shared	SILVA-style lineage/informative label (no literal Greengenes counterpart)
g__[Polyangium]_brachysporum_group	[Polyangium]_brachysporum_group	1	0	0	1	0	SILVA-only	SILVA-style lineage/informative label (no literal Greengenes counterpart)
g__[Prevotella]	[Prevotella]	0	0	1	1	0	Greengenes-only	SILVA bracketed label
g__[Ruminococcus]	[Ruminococcus]	0	0	1	1	0	Greengenes-only	SILVA bracketed label
g__[Ruminococcus]_gnavus_group	[Ruminococcus]_gnavus_group	1	0	0	1	0	SILVA-only	SILVA-style lineage/informative label (no literal Greengenes counterpart)
g__Abiotrophia	Abiotrophia	1	1	1	3	1	shared	plain genus name
g__Acholeplasma	Acholeplasma	1	1	0	2	1	shared	plain genus name
g__Achromobacter	Achromobacter	1	1	1	3	1	shared	plain genus name
g__Acidaminococcus	Acidaminococcus	0	0	1	1	0	Greengenes-only	plain genus name
g__Acidibacter	Acidibacter	1	0	0	1	0	SILVA-only	plain genus name
g__Acidiferrimicrobium	Acidiferrimicrobium	0	1	0	1	0	SILVA-only	plain genus name
g__Acidocella	Acidocella	0	1	0	1	0	SILVA-only	plain genus name
g__Acidovorax	Acidovorax	1	1	1	3	1	shared	plain genus name
g__Acinetobacter	Acinetobacter	1	1	1	3	1	shared	plain genus name
g__Actinobacillus	Actinobacillus	1	1	1	3	1	shared	plain genus name
g__Actinomadura	Actinomadura	0	0	1	1	0	Greengenes-only	plain genus name
g__Actinomyces	Actinomyces	1	1	1	3	1	shared	plain genus name
g__Actinomycetospora	Actinomycetospora	1	0	1	2	0	shared	plain genus name
g__Actinoplanes	Actinoplanes	0	0	1	1	0	Greengenes-only	plain genus name
g__Actinopolymorpha	Actinopolymorpha	0	0	1	1	0	Greengenes-only	plain genus name
g__Actinotalea	Actinotalea	1	0	0	1	0	SILVA-only	plain genus name
g__Adlercreutzia	Adlercreutzia	0	0	1	1	0	Greengenes-only	plain genus name
g__Aeribacillus	Aeribacillus	1	0	0	1	0	SILVA-only	plain genus name
g__Aeriscardovia	Aeriscardovia	0	1	0	1	0	SILVA-only	plain genus name
g__Aerococcus	Aerococcus	1	1	1	3	1	shared	plain genus name
g__Aeromicrobium	Aeromicrobium	0	0	1	1	0	Greengenes-only	plain genus name
g__Aeromonas	Aeromonas	1	1	0	2	1	shared	plain genus name
g__Aestuariimicrobium	Aestuariimicrobium	1	0	0	1	0	SILVA-only	plain genus name
g__AF12	AF12	0	0	1	1	0	Greengenes-only	plain genus name
g__Afipia	Afipia	1	0	0	1	0	SILVA-only	plain genus name
g__Agathobacter	Agathobacter	1	0	0	1	0	SILVA-only	plain genus name
g__Agathobaculum	Agathobaculum	1	0	0	1	0	SILVA-only	plain genus name
g__Aggregatibacter	Aggregatibacter	1	1	1	3	1	shared	plain genus name
g__Agrobacterium	Agrobacterium	1	0	1	2	0	shared	plain genus name
g__Agromyces	Agromyces	0	0	1	1	0	Greengenes-only	plain genus name
g__Ahniella	Ahniella	1	0	0	1	0	SILVA-only	plain genus name
g__Akkermansia	Akkermansia	0	1	1	2	0	shared	plain genus name
g__Alcaligenes	Alcaligenes	1	0	0	1	0	SILVA-only	plain genus name
g__Alcanivorax	Alcanivorax	0	0	1	1	0	Greengenes-only	plain genus name
g__Algoriphagus	Algoriphagus	1	0	0	1	0	SILVA-only	plain genus name
g__Alishewanella	Alishewanella	1	0	0	1	0	SILVA-only	plain genus name
g__Alistipes	Alistipes	1	1	0	2	1	shared	plain genus name
g__Alkaliphilus	Alkaliphilus	0	0	1	1	0	Greengenes-only	plain genus name
g__Alkanindiges	Alkanindiges	1	0	1	2	0	shared	plain genus name
g__Allisonella	Allisonella	1	0	0	1	0	SILVA-only	plain genus name
g__Allobaculum	Allobaculum	0	0	1	1	0	Greengenes-only	plain genus name
g__Alloiococcus	Alloiococcus	1	0	1	2	0	shared	plain genus name
g__Alloprevotella	Alloprevotella	1	1	0	2	1	shared	plain genus name
g__Alloscardovia	Alloscardovia	1	1	0	2	1	shared	plain genus name
g__Alteraurantiacibacter	Alteraurantiacibacter	1	0	0	1	0	SILVA-only	plain genus name
g__Altererythrobacter	Altererythrobacter	1	0	0	1	0	SILVA-only	plain genus name
g__Alysiella	Alysiella	1	1	0	2	1	shared	plain genus name
g__Amaricoccus	Amaricoccus	0	0	1	1	0	Greengenes-only	plain genus name
g__Aminipila	Aminipila	1	1	0	2	1	shared	plain genus name
g__Ammoniphilus	Ammoniphilus	1	0	1	2	0	shared	plain genus name
g__Amphiplicatus	Amphiplicatus	1	0	0	1	0	SILVA-only	plain genus name
g__Anabaena	Anabaena	0	0	1	1	0	Greengenes-only	plain genus name
g__Anaerobacillus	Anaerobacillus	0	0	1	1	0	Greengenes-only	plain genus name
g__Anaerobacterium	Anaerobacterium	1	0	0	1	0	SILVA-only	plain genus name
g__Anaerobutyricum	Anaerobutyricum	1	1	0	2	1	shared	plain genus name
g__Anaerococcus	Anaerococcus	1	1	1	3	1	shared	plain genus name
g__Anaeroglobus	Anaeroglobus	1	1	0	2	1	shared	plain genus name
g__Anaerolinea	Anaerolinea	1	0	0	1	0	SILVA-only	plain genus name
g__Anaeroplasma	Anaeroplasma	0	0	1	1	0	Greengenes-only	plain genus name
g__Anaerostipes	Anaerostipes	1	1	1	3	1	shared	plain genus name
g__Anaerotruncus	Anaerotruncus	0	0	1	1	0	Greengenes-only	plain genus name
g__Anaerovorax	Anaerovorax	1	1	1	3	1	shared	plain genus name
g__Anoxybacillus	Anoxybacillus	1	0	1	2	0	shared	plain genus name
g__Aquabacterium	Aquabacterium	1	0	0	1	0	SILVA-only	plain genus name
g__Aquicella	Aquicella	0	0	1	1	0	Greengenes-only	plain genus name
g__Aquimonas	Aquimonas	1	0	0	1	0	SILVA-only	plain genus name
g__Arachnia	Arachnia	1	0	0	1	0	SILVA-only	plain genus name
g__Arcanobacterium	Arcanobacterium	0	0	1	1	0	Greengenes-only	plain genus name
g__Arcobacter	Arcobacter	1	0	0	1	0	SILVA-only	plain genus name
g__Arcticibacter	Arcticibacter	1	0	0	1	0	SILVA-only	plain genus name
g__Arenimonas	Arenimonas	1	0	0	1	0	SILVA-only	plain genus name
g__Arsenicicoccus	Arsenicicoccus	0	0	1	1	0	Greengenes-only	plain genus name
g__Arthrobacter	Arthrobacter	1	0	1	2	0	shared	plain genus name
g__Asteroleplasma	Asteroleplasma	1	0	0	1	0	SILVA-only	plain genus name
g__Asticcacaulis	Asticcacaulis	1	0	0	1	0	SILVA-only	plain genus name
g__Atopobium	Atopobium	0	1	1	2	0	shared	plain genus name
g__Aurantisolimonas	Aurantisolimonas	1	0	0	1	0	SILVA-only	plain genus name
g__Aureimonas	Aureimonas	1	0	0	1	0	SILVA-only	plain genus name
g__Auricoccus-Abyssicoccus	Auricoccus-Abyssicoccus	1	0	0	1	0	SILVA-only	plain genus name
g__Azohydromonas	Azohydromonas	1	0	0	1	0	SILVA-only	plain genus name
g__Azospirillum	Azospirillum	1	1	1	3	1	shared	plain genus name
g__Bacillus	Bacillus	1	1	1	3	1	shared	plain genus name
g__Bacteriovorax	Bacteriovorax	1	0	0	1	0	SILVA-only	plain genus name
g__Bacteroides	Bacteroides	1	1	1	3	1	shared	plain genus name
g__Balneimonas	Balneimonas	0	0	1	1	0	Greengenes-only	plain genus name
g__Barrientosiimonas	Barrientosiimonas	1	0	0	1	0	SILVA-only	plain genus name
g__Bdellovibrio	Bdellovibrio	0	0	1	1	0	Greengenes-only	plain genus name
g__Bergeriella	Bergeriella	1	0	0	1	0	SILVA-only	plain genus name
g__Bergeyella	Bergeyella	1	1	0	2	1	shared	plain genus name
g__Berryella	Berryella	1	0	0	1	0	SILVA-only	plain genus name
g__Bifidobacterium	Bifidobacterium	1	1	1	3	1	shared	plain genus name
g__Bilophila	Bilophila	1	1	1	3	1	shared	plain genus name
g__Blautia	Blautia	1	1	1	3	1	shared	plain genus name
g__Blvii28_wastewater-sludge_group	Blvii28_wastewater-sludge_group	1	1	0	2	1	shared	SILVA-style lineage/informative label (no literal Greengenes counterpart)
g__Bosea	Bosea	1	0	0	1	0	SILVA-only	plain genus name
g__Brachybacterium	Brachybacterium	1	0	1	2	0	shared	plain genus name
g__Brachymonas	Brachymonas	0	1	0	1	0	SILVA-only	plain genus name
g__Bradyrhizobium	Bradyrhizobium	1	1	1	3	1	shared	plain genus name
g__Brevibacillus	Brevibacillus	1	0	1	2	0	shared	plain genus name
g__Brevibacterium	Brevibacterium	1	1	1	3	1	shared	plain genus name
g__Brevundimonas	Brevundimonas	1	1	1	3	1	shared	plain genus name
g__Breznakibacter	Breznakibacter	1	0	0	1	0	SILVA-only	plain genus name
g__Brooklawnia	Brooklawnia	1	0	0	1	0	SILVA-only	plain genus name
g__Brucella	Brucella	1	1	0	2	1	shared	plain genus name
g__Bryobacter	Bryobacter	0	1	0	1	0	SILVA-only	plain genus name
g__Bulleidia	Bulleidia	1	1	1	3	1	shared	plain genus name
g__Burkholderia	Burkholderia	0	0	1	1	0	Greengenes-only	plain genus name
g__Burkholderia-Caballeronia-Paraburkholderia	Burkholderia-Caballeronia-Paraburkholderia	1	1	0	2	1	shared	plain genus name
g__Butyribacter	Butyribacter	1	0	0	1	0	SILVA-only	plain genus name
g__Butyricimonas	Butyricimonas	1	0	1	2	0	shared	plain genus name
g__Butyrivibrio	Butyrivibrio	1	1	1	3	1	shared	plain genus name
g__C39	C39	0	0	1	1	0	Greengenes-only	Greengenes-style environmental/candidate label (no literal SILVA counterpart)
g__Caldicoprobacter	Caldicoprobacter	0	0	1	1	0	Greengenes-only	plain genus name
g__Caldilinea	Caldilinea	0	0	1	1	0	Greengenes-only	plain genus name
g__Caldimonas	Caldimonas	1	0	0	1	0	SILVA-only	plain genus name
g__Calidithermus	Calidithermus	1	0	0	1	0	SILVA-only	plain genus name
g__Campylobacter	Campylobacter	1	1	1	3	1	shared	plain genus name
g__Candidatus Koribacter	Candidatus Koribacter	0	0	1	1	0	Greengenes-only	plain genus name
g__Candidatus Rhabdochlamydia	Candidatus Rhabdochlamydia	0	0	1	1	0	Greengenes-only	plain genus name
g__Candidatus Rhodoluna	Candidatus Rhodoluna	0	0	1	1	0	Greengenes-only	plain genus name
g__Candidatus Solibacter	Candidatus Solibacter	0	0	1	1	0	Greengenes-only	plain genus name
g__Candidatus_Accumulibacter	Candidatus_Accumulibacter	1	0	0	1	0	SILVA-only	plain genus name
g__Candidatus_Berkiella	Candidatus_Berkiella	1	0	0	1	0	SILVA-only	plain genus name
g__Candidatus_Cardinium	Candidatus_Cardinium	0	1	0	1	0	SILVA-only	plain genus name
g__Candidatus_Saccharimonas	Candidatus_Saccharimonas	1	1	0	2	1	shared	plain genus name
g__Candidatus_Udaeobacter	Candidatus_Udaeobacter	1	0	0	1	0	SILVA-only	plain genus name
g__Capnocytophaga	Capnocytophaga	1	1	1	3	1	shared	plain genus name
g__Caproiciproducens	Caproiciproducens	1	0	0	1	0	SILVA-only	plain genus name
g__Cardiobacterium	Cardiobacterium	1	1	1	3	1	shared	plain genus name
g__Carnobacterium	Carnobacterium	1	0	0	1	0	SILVA-only	plain genus name
g__Castellaniella	Castellaniella	1	0	0	1	0	SILVA-only	plain genus name
g__Catenibacillus	Catenibacillus	1	0	0	1	0	SILVA-only	plain genus name
g__Catenibacterium	Catenibacterium	1	0	0	1	0	SILVA-only	plain genus name
g__Catenisphaera	Catenisphaera	1	0	0	1	0	SILVA-only	plain genus name
g__Catonella	Catonella	1	1	1	3	1	shared	plain genus name
g__Caulobacter	Caulobacter	1	1	0	2	1	shared	plain genus name
g__Cellulomonas	Cellulomonas	1	0	1	2	0	shared	plain genus name
g__Cellulosimicrobium	Cellulosimicrobium	0	0	1	1	0	Greengenes-only	plain genus name
g__Cellvibrio	Cellvibrio	1	0	0	1	0	SILVA-only	plain genus name
g__Cereibacter	Cereibacter	1	0	0	1	0	SILVA-only	plain genus name
g__Chitinophaga	Chitinophaga	0	0	1	1	0	Greengenes-only	plain genus name
g__Christensenellaceae_R-7_group	Christensenellaceae_R-7_group	1	1	0	2	1	shared	SILVA-style lineage/informative label (no literal Greengenes counterpart)
g__Chroococcidiopsis_PCC_7203	Chroococcidiopsis_PCC_7203	1	0	0	1	0	SILVA-only	plain genus name
g__Chroococcidiopsis_SAG_2023	Chroococcidiopsis_SAG_2023	1	0	0	1	0	SILVA-only	plain genus name
g__Chryseobacterium	Chryseobacterium	1	1	1	3	1	shared	plain genus name
g__Chryseomicrobium	Chryseomicrobium	1	0	0	1	0	SILVA-only	plain genus name
g__Chthoniobacter	Chthoniobacter	0	0	1	1	0	Greengenes-only	plain genus name
g__Chthonobacter	Chthonobacter	1	0	0	1	0	SILVA-only	plain genus name
g__Citrobacter	Citrobacter	0	0	1	1	0	Greengenes-only	plain genus name
g__Cloacibacterium	Cloacibacterium	1	1	1	3	1	shared	plain genus name
g__Clostridium	Clostridium	1	0	1	2	0	shared	plain genus name
g__CM44	CM44	0	0	1	1	0	Greengenes-only	plain genus name
g__Cnuella	Cnuella	1	0	0	1	0	SILVA-only	plain genus name
g__Cohnella	Cohnella	1	0	1	2	0	shared	plain genus name
g__Colidextribacter	Colidextribacter	1	0	0	1	0	SILVA-only	plain genus name
g__Collinsella	Collinsella	1	0	0	1	0	SILVA-only	plain genus name
g__Comamonas	Comamonas	1	1	1	3	1	shared	plain genus name
g__Conexibacter	Conexibacter	1	0	0	1	0	SILVA-only	plain genus name
g__Coprobacillus	Coprobacillus	1	0	1	2	0	shared	plain genus name
g__Coprococcus	Coprococcus	1	1	1	3	1	shared	plain genus name
g__Coprothermobacter	Coprothermobacter	0	0	1	1	0	Greengenes-only	plain genus name
g__Corynebacterium	Corynebacterium	1	1	1	3	1	shared	plain genus name
g__Coxiella	Coxiella	0	1	0	1	0	SILVA-only	plain genus name
g__Croceibacterium	Croceibacterium	1	0	0	1	0	SILVA-only	plain genus name
g__Cryptobacterium	Cryptobacterium	1	1	0	2	1	shared	plain genus name
g__Cupriavidus	Cupriavidus	1	1	0	2	1	shared	plain genus name
g__Curtobacterium	Curtobacterium	1	0	0	1	0	SILVA-only	plain genus name
g__Curvibacter	Curvibacter	1	0	0	1	0	SILVA-only	plain genus name
g__Cutibacterium	Cutibacterium	1	0	0	1	0	SILVA-only	plain genus name
g__DA101	DA101	0	0	1	1	0	Greengenes-only	plain genus name
g__Dactylosporangium	Dactylosporangium	0	0	1	1	0	Greengenes-only	plain genus name
g__Daejeonella	Daejeonella	1	0	0	1	0	SILVA-only	plain genus name
g__Dechlorobacter	Dechlorobacter	1	0	0	1	0	SILVA-only	plain genus name
g__Defluviitaleaceae_UCG-011	Defluviitaleaceae_UCG-011	1	1	0	2	1	shared	SILVA-style lineage/informative label (no literal Greengenes counterpart)
g__Dehalobacterium	Dehalobacterium	0	0	1	1	0	Greengenes-only	plain genus name
g__Deinococcus	Deinococcus	1	1	1	3	1	shared	plain genus name
g__Delftia	Delftia	1	0	1	2	0	shared	plain genus name
g__Demequina	Demequina	1	0	0	1	0	SILVA-only	plain genus name
g__Dermabacter	Dermabacter	1	0	1	2	0	shared	plain genus name
g__Dermacoccus	Dermacoccus	0	0	1	1	0	Greengenes-only	plain genus name
g__Dermatophilus	Dermatophilus	1	0	0	1	0	SILVA-only	plain genus name
g__Desemzia	Desemzia	0	0	1	1	0	Greengenes-only	plain genus name
g__Desulfobulbus	Desulfobulbus	1	1	1	3	1	shared	plain genus name
g__Desulfomicrobium	Desulfomicrobium	1	1	0	2	1	shared	plain genus name
g__Desulfosporosinus	Desulfosporosinus	0	0	1	1	0	Greengenes-only	plain genus name
g__Desulfotomaculum	Desulfotomaculum	0	0	1	1	0	Greengenes-only	plain genus name
g__Desulfovibrio	Desulfovibrio	1	1	1	3	1	shared	plain genus name
g__DEV114	DEV114	1	0	0	1	0	SILVA-only	plain genus name
g__Devosia	Devosia	1	0	1	2	0	shared	plain genus name
g__Dialister	Dialister	1	1	1	3	1	shared	plain genus name
g__Diaphorobacter	Diaphorobacter	1	0	0	1	0	SILVA-only	plain genus name
g__Dietzia	Dietzia	1	1	1	3	1	shared	plain genus name
g__Dolosigranulum	Dolosigranulum	1	1	0	2	1	shared	plain genus name
g__Dorea	Dorea	1	0	1	2	0	shared	plain genus name
g__Dubosiella	Dubosiella	0	1	0	1	0	SILVA-only	plain genus name
g__Dyadobacter	Dyadobacter	1	0	1	2	0	shared	plain genus name
g__Dyella	Dyella	0	1	0	1	0	SILVA-only	plain genus name
g__Dysgonomonas	Dysgonomonas	0	0	1	1	0	Greengenes-only	plain genus name
g__Effusibacillus	Effusibacillus	1	0	0	1	0	SILVA-only	plain genus name
g__Eggerthella	Eggerthella	1	0	0	1	0	SILVA-only	plain genus name
g__Eggerthia	Eggerthia	1	1	0	2	1	shared	plain genus name
g__Eikenella	Eikenella	1	1	1	3	1	shared	plain genus name
g__Elizabethkingia	Elizabethkingia	0	1	0	1	0	SILVA-only	plain genus name
g__Empedobacter	Empedobacter	1	0	0	1	0	SILVA-only	plain genus name
g__Endomicrobium	Endomicrobium	1	0	0	1	0	SILVA-only	plain genus name
g__Enhydrobacter	Enhydrobacter	1	1	1	3	1	shared	plain genus name
g__Ensifer	Ensifer	1	0	0	1	0	SILVA-only	plain genus name
g__Enterobacter	Enterobacter	1	1	1	3	1	shared	plain genus name
g__Enterocloster	Enterocloster	1	1	0	2	1	shared	plain genus name
g__Enterococcus	Enterococcus	1	1	1	3	1	shared	plain genus name
g__Epulopiscium	Epulopiscium	0	0	1	1	0	Greengenes-only	plain genus name
g__Ercella	Ercella	1	0	0	1	0	SILVA-only	plain genus name
g__Erwinia	Erwinia	0	0	1	1	0	Greengenes-only	plain genus name
g__Erysipelothrix	Erysipelothrix	1	0	0	1	0	SILVA-only	plain genus name
g__Erysipelotrichaceae_UCG-006	Erysipelotrichaceae_UCG-006	1	1	0	2	1	shared	SILVA-style lineage/informative label (no literal Greengenes counterpart)
g__Erysipelotrichaceae_UCG-008	Erysipelotrichaceae_UCG-008	1	0	0	1	0	SILVA-only	SILVA-style lineage/informative label (no literal Greengenes counterpart)
g__Erythrobacter	Erythrobacter	1	1	0	2	1	shared	plain genus name
g__Escherichia-Shigella	Escherichia-Shigella	1	1	0	2	1	shared	plain genus name
g__Ethanoligenens	Ethanoligenens	0	0	1	1	0	Greengenes-only	plain genus name
g__Exiguobacterium	Exiguobacterium	1	0	1	2	0	shared	plain genus name
g__Extibacter	Extibacter	1	0	0	1	0	SILVA-only	plain genus name
g__Ezakiella	Ezakiella	1	0	0	1	0	SILVA-only	plain genus name
g__F0058	F0058	1	1	0	2	1	shared	plain genus name
g__F0332	F0332	1	1	0	2	1	shared	plain genus name
g__Facklamia	Facklamia	0	0	1	1	0	Greengenes-only	plain genus name
g__Faecalibacterium	Faecalibacterium	1	1	1	3	1	shared	plain genus name
g__Faecalimonas	Faecalimonas	1	0	0	1	0	SILVA-only	plain genus name
g__Family_XIII_AD3011_group	Family_XIII_AD3011_group	1	1	0	2	1	shared	SILVA-style lineage/informative label (no literal Greengenes counterpart)
g__Family_XIII_UCG-001	Family_XIII_UCG-001	1	1	0	2	1	shared	SILVA-style lineage/informative label (no literal Greengenes counterpart)
g__Fannyhessea	Fannyhessea	1	1	0	2	1	shared	plain genus name
g__Fastidiosipila	Fastidiosipila	1	0	0	1	0	SILVA-only	plain genus name
g__Fenollaria	Fenollaria	1	0	0	1	0	SILVA-only	plain genus name
g__Fermentibacillus	Fermentibacillus	1	0	0	1	0	SILVA-only	plain genus name
g__Ferruginibacter	Ferruginibacter	1	0	0	1	0	SILVA-only	plain genus name
g__Fibrella	Fibrella	1	0	0	1	0	SILVA-only	plain genus name
g__Filifactor	Filifactor	1	1	1	3	1	shared	plain genus name
g__Fimbriimonas	Fimbriimonas	0	0	1	1	0	Greengenes-only	plain genus name
g__Finegoldia	Finegoldia	1	1	1	3	1	shared	plain genus name
g__Flaviaestuariibacter	Flaviaestuariibacter	1	0	0	1	0	SILVA-only	plain genus name
g__Flavihumibacter	Flavihumibacter	1	0	0	1	0	SILVA-only	plain genus name
g__Flavimobilis	Flavimobilis	1	0	0	1	0	SILVA-only	plain genus name
g__Flavisolibacter	Flavisolibacter	1	0	1	2	0	shared	plain genus name
g__Flavobacterium	Flavobacterium	1	1	1	3	1	shared	plain genus name
g__Flavonifractor	Flavonifractor	1	0	0	1	0	SILVA-only	plain genus name
g__Flexilinea	Flexilinea	1	1	0	2	1	shared	plain genus name
g__Flexispira	Flexispira	0	0	1	1	0	Greengenes-only	plain genus name
g__Fluviicola	Fluviicola	1	1	1	3	1	shared	plain genus name
g__Fretibacterium	Fretibacterium	1	1	0	2	1	shared	plain genus name
g__Fuscovulum	Fuscovulum	1	1	0	2	1	shared	plain genus name
g__Fusicatenibacter	Fusicatenibacter	1	0	0	1	0	SILVA-only	plain genus name
g__Fusobacterium	Fusobacterium	1	1	1	3	1	shared	plain genus name
g__Gardnerella	Gardnerella	1	1	0	2	1	shared	plain genus name
g__Gemella	Gemella	1	1	1	3	1	shared	plain genus name
g__Gemmata	Gemmata	1	0	1	2	0	shared	plain genus name
g__Gemmatimonas	Gemmatimonas	1	0	1	2	0	shared	plain genus name
g__Gemmiger	Gemmiger	1	1	0	2	1	shared	plain genus name
g__Gemmobacter	Gemmobacter	1	0	0	1	0	SILVA-only	plain genus name
g__Geobacillus	Geobacillus	1	0	1	2	0	shared	plain genus name
g__Geobacter	Geobacter	0	0	1	1	0	Greengenes-only	plain genus name
g__Geodermatophilus	Geodermatophilus	0	0	1	1	0	Greengenes-only	plain genus name
g__Georgenia	Georgenia	1	0	0	1	0	SILVA-only	plain genus name
g__Glutamicibacter	Glutamicibacter	1	0	0	1	0	SILVA-only	plain genus name
g__Gordonia	Gordonia	1	1	1	3	1	shared	plain genus name
g__Gordonibacter	Gordonibacter	1	0	0	1	0	SILVA-only	plain genus name
g__GOUTA6	GOUTA6	0	1	0	1	0	SILVA-only	plain genus name
g__Granulicatella	Granulicatella	1	1	1	3	1	shared	plain genus name
g__Haemophilus	Haemophilus	1	1	1	3	1	shared	plain genus name
g__Halobacillus	Halobacillus	1	0	0	1	0	SILVA-only	plain genus name
g__Halomonas	Halomonas	1	1	1	3	1	shared	plain genus name
g__Haoranjiania	Haoranjiania	1	0	0	1	0	SILVA-only	plain genus name
g__Hassallia	Hassallia	1	0	0	1	0	SILVA-only	plain genus name
g__Helcococcus	Helcococcus	0	0	1	1	0	Greengenes-only	plain genus name
g__Helicobacter	Helicobacter	0	0	1	1	0	Greengenes-only	plain genus name
g__Herbaspirillum	Herbaspirillum	1	0	0	1	0	SILVA-only	plain genus name
g__HN-HF0106	HN-HF0106	1	0	0	1	0	SILVA-only	plain genus name
g__Holdemanella	Holdemanella	1	0	0	1	0	SILVA-only	plain genus name
g__Holdemania	Holdemania	0	0	1	1	0	Greengenes-only	plain genus name
g__Hornefia	Hornefia	1	1	0	2	1	shared	plain genus name
g__Howardella	Howardella	1	1	0	2	1	shared	plain genus name
g__Hoylesella	Hoylesella	1	1	0	2	1	shared	plain genus name
g__Hungatella	Hungatella	1	0	0	1	0	SILVA-only	plain genus name
g__Hydrogenophaga	Hydrogenophaga	1	0	1	2	0	shared	plain genus name
g__Hylemonella	Hylemonella	0	0	1	1	0	Greengenes-only	plain genus name
g__Hymenobacter	Hymenobacter	1	0	0	1	0	SILVA-only	plain genus name
g__Hyphomicrobium	Hyphomicrobium	0	1	0	1	0	SILVA-only	plain genus name
g__Ideonella	Ideonella	1	0	0	1	0	SILVA-only	plain genus name
g__Incertae_Sedis	Incertae_Sedis	1	1	0	2	1	shared	SILVA-style lineage/informative label (no literal Greengenes counterpart)
g__Insolitispirillum	Insolitispirillum	0	1	0	1	0	SILVA-only	plain genus name
g__Intestinibacter	Intestinibacter	1	1	0	2	1	shared	plain genus name
g__Janibacter	Janibacter	1	1	0	2	1	shared	plain genus name
g__Jeotgalicoccus	Jeotgalicoccus	1	0	1	2	0	shared	plain genus name
g__Johnsonella	Johnsonella	1	1	0	2	1	shared	plain genus name
g__Jonesia	Jonesia	1	0	0	1	0	SILVA-only	plain genus name
g__Jonquetella	Jonquetella	0	0	1	1	0	Greengenes-only	plain genus name
g__Kaistobacter	Kaistobacter	0	0	1	1	0	Greengenes-only	plain genus name
g__Kineosphaera	Kineosphaera	1	0	0	1	0	SILVA-only	plain genus name
g__Kingella	Kingella	1	1	1	3	1	shared	plain genus name
g__Kinneretia	Kinneretia	1	0	0	1	0	SILVA-only	plain genus name
g__Klebsiella	Klebsiella	1	1	1	3	1	shared	plain genus name
g__Knoellia	Knoellia	1	0	0	1	0	SILVA-only	plain genus name
g__Kocuria	Kocuria	1	0	1	2	0	shared	plain genus name
g__Kytococcus	Kytococcus	1	0	0	1	0	SILVA-only	plain genus name
g__Lachnoanaerobaculum	Lachnoanaerobaculum	1	1	0	2	1	shared	plain genus name
g__Lachnoclostridium	Lachnoclostridium	1	0	0	1	0	SILVA-only	plain genus name
g__Lachnospira	Lachnospira	1	1	0	2	1	shared	plain genus name
g__Lachnospiraceae_FE2018_group	Lachnospiraceae_FE2018_group	1	0	0	1	0	SILVA-only	SILVA-style lineage/informative label (no literal Greengenes counterpart)
g__Lachnospiraceae_NK3A20_group	Lachnospiraceae_NK3A20_group	1	1	0	2	1	shared	SILVA-style lineage/informative label (no literal Greengenes counterpart)
g__Lachnospiraceae_NK4A136_group	Lachnospiraceae_NK4A136_group	1	0	0	1	0	SILVA-only	SILVA-style lineage/informative label (no literal Greengenes counterpart)
g__Lachnospiraceae_UCG-004	Lachnospiraceae_UCG-004	0	1	0	1	0	SILVA-only	SILVA-style lineage/informative label (no literal Greengenes counterpart)
g__Lachnospiraceae_UCG-008	Lachnospiraceae_UCG-008	1	0	0	1	0	SILVA-only	SILVA-style lineage/informative label (no literal Greengenes counterpart)
g__Lacibacter	Lacibacter	1	0	0	1	0	SILVA-only	plain genus name
g__Lacrimispora	Lacrimispora	1	0	0	1	0	SILVA-only	plain genus name
g__Lacticaseibacillus	Lacticaseibacillus	1	1	0	2	1	shared	plain genus name
g__Lactobacillus	Lactobacillus	1	1	1	3	1	shared	plain genus name
g__Lactococcus	Lactococcus	0	0	1	1	0	Greengenes-only	plain genus name
g__Lancefieldella	Lancefieldella	1	1	0	2	1	shared	plain genus name
g__Lautropia	Lautropia	1	1	1	3	1	shared	plain genus name
g__Lawsonella	Lawsonella	1	1	0	2	1	shared	plain genus name
g__Legionella	Legionella	1	1	1	3	1	shared	plain genus name
g__Leifsonia	Leifsonia	1	1	0	2	1	shared	plain genus name
g__Lentibacillus	Lentibacillus	1	0	0	1	0	SILVA-only	plain genus name
g__Lentimicrobium	Lentimicrobium	1	1	0	2	1	shared	plain genus name
g__Leptotrichia	Leptotrichia	1	1	1	3	1	shared	plain genus name
g__Leucobacter	Leucobacter	1	1	1	3	1	shared	plain genus name
g__Leuconostoc	Leuconostoc	1	0	0	1	0	SILVA-only	plain genus name
g__Leyella	Leyella	1	0	0	1	0	SILVA-only	plain genus name
g__Lichenibacterium	Lichenibacterium	1	0	0	1	0	SILVA-only	plain genus name
g__Ligilactobacillus	Ligilactobacillus	1	1	0	2	1	shared	plain genus name
g__Limibaculum	Limibaculum	1	0	0	1	0	SILVA-only	plain genus name
g__Limnobacter	Limnobacter	1	0	1	2	0	shared	plain genus name
g__Limnohabitans	Limnohabitans	0	1	0	1	0	SILVA-only	plain genus name
g__Limosilactobacillus	Limosilactobacillus	1	1	0	2	1	shared	plain genus name
g__Listeria	Listeria	0	1	0	1	0	SILVA-only	plain genus name
g__Litorilinea	Litorilinea	1	0	0	1	0	SILVA-only	plain genus name
g__Luteibacter	Luteibacter	0	0	1	1	0	Greengenes-only	plain genus name
g__Luteimonas	Luteimonas	1	1	1	3	1	shared	plain genus name
g__Luteococcus	Luteococcus	1	0	0	1	0	SILVA-only	plain genus name
g__Luteolibacter	Luteolibacter	1	0	0	1	0	SILVA-only	plain genus name
g__Lysinibacillus	Lysinibacillus	1	1	1	3	1	shared	plain genus name
g__Lysobacter	Lysobacter	1	0	1	2	0	shared	plain genus name
g__Macrococcus	Macrococcus	0	0	1	1	0	Greengenes-only	plain genus name
g__Mannheimia	Mannheimia	1	0	0	1	0	SILVA-only	plain genus name
g__Marinibacillus	Marinibacillus	0	0	1	1	0	Greengenes-only	plain genus name
g__Marinobacter	Marinobacter	1	0	1	2	0	shared	plain genus name
g__Marinococcus	Marinococcus	1	0	0	1	0	SILVA-only	plain genus name
g__Marmoricola	Marmoricola	1	0	0	1	0	SILVA-only	plain genus name
g__Massilia	Massilia	1	0	0	1	0	SILVA-only	plain genus name
g__Mediterraneibacter	Mediterraneibacter	1	1	0	2	1	shared	plain genus name
g__Megamonas	Megamonas	1	1	0	2	1	shared	plain genus name
g__Megasphaera	Megasphaera	1	1	1	3	1	shared	plain genus name
g__Mesobacillus	Mesobacillus	1	0	0	1	0	SILVA-only	plain genus name
g__Mesomycoplasma	Mesomycoplasma	0	1	0	1	0	SILVA-only	plain genus name
g__Mesorhizobium	Mesorhizobium	0	0	1	1	0	Greengenes-only	plain genus name
g__Metabacillus	Metabacillus	1	0	0	1	0	SILVA-only	plain genus name
g__Methylibium	Methylibium	0	0	1	1	0	Greengenes-only	plain genus name
g__Methylobacillus	Methylobacillus	1	0	0	1	0	SILVA-only	plain genus name
g__Methylobacterium	Methylobacterium	1	0	1	2	0	shared	plain genus name
g__Methylocella	Methylocella	1	0	0	1	0	SILVA-only	plain genus name
g__Methylophilus	Methylophilus	1	1	0	2	1	shared	plain genus name
g__Methylopila	Methylopila	1	0	0	1	0	SILVA-only	plain genus name
g__Methylorubrum	Methylorubrum	1	1	0	2	1	shared	plain genus name
g__Methyloversatilis	Methyloversatilis	0	1	0	1	0	SILVA-only	plain genus name
g__Microbacterium	Microbacterium	1	0	1	2	0	shared	plain genus name
g__Microbispora	Microbispora	0	0	1	1	0	Greengenes-only	plain genus name
g__Microcella	Microcella	1	0	0	1	0	SILVA-only	plain genus name
g__Micrococcus	Micrococcus	1	0	1	2	0	shared	plain genus name
g__Microlunatus	Microlunatus	0	0	1	1	0	Greengenes-only	plain genus name
g__Micropruina	Micropruina	1	0	0	1	0	SILVA-only	plain genus name
g__Microvirga	Microvirga	1	0	0	1	0	SILVA-only	plain genus name
g__Mobiluncus	Mobiluncus	1	1	1	3	1	shared	plain genus name
g__Mogibacterium	Mogibacterium	1	1	1	3	1	shared	plain genus name
g__Moraxella	Moraxella	1	1	0	2	1	shared	plain genus name
g__Morganella	Morganella	1	1	1	3	1	shared	plain genus name
g__Moryella	Moryella	1	0	1	2	0	shared	plain genus name
g__Mucilaginibacter	Mucilaginibacter	1	0	0	1	0	SILVA-only	plain genus name
g__Mucispirillum	Mucispirillum	0	0	1	1	0	Greengenes-only	plain genus name
g__Murdochiella	Murdochiella	1	0	0	1	0	SILVA-only	plain genus name
g__Muricoccus	Muricoccus	1	0	0	1	0	SILVA-only	plain genus name
g__Mycobacterium	Mycobacterium	1	1	1	3	1	shared	plain genus name
g__Mycoplana	Mycoplana	0	0	1	1	0	Greengenes-only	plain genus name
g__Mycoplasma	Mycoplasma	1	1	1	3	1	shared	plain genus name
g__Mycoplasmopsis	Mycoplasmopsis	0	1	0	1	0	SILVA-only	plain genus name
g__Myroides	Myroides	0	0	1	1	0	Greengenes-only	plain genus name
g__Myxosarcina_SAG_30.84	Myxosarcina_SAG_30.84	1	0	0	1	0	SILVA-only	plain genus name
g__Nafulsella	Nafulsella	1	0	0	1	0	SILVA-only	plain genus name
g__Nannocystis	Nannocystis	0	0	1	1	0	Greengenes-only	plain genus name
g__Neisseria	Neisseria	1	1	1	3	1	shared	plain genus name
g__Neobacillus	Neobacillus	1	1	0	2	1	shared	plain genus name
g__Neorhizobium	Neorhizobium	1	0	0	1	0	SILVA-only	plain genus name
g__Nesterenkonia	Nesterenkonia	0	0	1	1	0	Greengenes-only	plain genus name
g__Nevskia	Nevskia	1	0	0	1	0	SILVA-only	plain genus name
g__Niabella	Niabella	0	1	0	1	0	SILVA-only	plain genus name
g__Nibribacter	Nibribacter	1	0	0	1	0	SILVA-only	plain genus name
g__Nitrosomonas	Nitrosomonas	0	1	0	1	0	SILVA-only	plain genus name
g__Nitrospira	Nitrospira	0	0	1	1	0	Greengenes-only	plain genus name
g__Niveispirillum	Niveispirillum	1	0	0	1	0	SILVA-only	plain genus name
g__NK4A214_group	NK4A214_group	1	0	0	1	0	SILVA-only	SILVA-style lineage/informative label (no literal Greengenes counterpart)
g__Nocardioides	Nocardioides	1	0	1	2	0	shared	plain genus name
g__Noviherbaspirillum	Noviherbaspirillum	1	0	0	1	0	SILVA-only	plain genus name
g__Novispirillum	Novispirillum	1	0	0	1	0	SILVA-only	plain genus name
g__Novosphingobium	Novosphingobium	1	1	0	2	1	shared	plain genus name
g__Nubsella	Nubsella	0	1	0	1	0	SILVA-only	plain genus name
g__Oceanobacillus	Oceanobacillus	1	0	0	1	0	SILVA-only	plain genus name
g__Ochrobactrum	Ochrobactrum	0	0	1	1	0	Greengenes-only	plain genus name
g__Odoribacter	Odoribacter	1	1	1	3	1	shared	plain genus name
g__OLB12	OLB12	1	0	0	1	0	SILVA-only	plain genus name
g__Oleiharenicola	Oleiharenicola	1	0	0	1	0	SILVA-only	plain genus name
g__Oligella	Oligella	0	0	1	1	0	Greengenes-only	plain genus name
g__Olsenella	Olsenella	1	1	0	2	1	shared	plain genus name
g__Opitutus	Opitutus	0	1	0	1	0	SILVA-only	plain genus name
g__Oribacterium	Oribacterium	1	1	1	3	1	shared	plain genus name
g__Ornithinimicrobium	Ornithinimicrobium	1	0	0	1	0	SILVA-only	plain genus name
g__Ornithobacterium	Ornithobacterium	1	0	0	1	0	SILVA-only	plain genus name
g__Oscillibacter	Oscillibacter	1	0	0	1	0	SILVA-only	plain genus name
g__Oscillospira	Oscillospira	0	0	1	1	0	Greengenes-only	plain genus name
g__Ottowia	Ottowia	1	1	0	2	1	shared	plain genus name
g__Paenarthrobacter	Paenarthrobacter	1	0	0	1	0	SILVA-only	plain genus name
g__Paenibacillus	Paenibacillus	1	0	1	2	0	shared	plain genus name
g__Palleronia-Pseudomaribius	Palleronia-Pseudomaribius	1	0	0	1	0	SILVA-only	plain genus name
g__Paludibacter	Paludibacter	1	0	1	2	0	shared	plain genus name
g__Paludisphaera	Paludisphaera	1	0	0	1	0	SILVA-only	plain genus name
g__Pandoraea	Pandoraea	0	0	1	1	0	Greengenes-only	plain genus name
g__Pantoea	Pantoea	1	0	0	1	0	SILVA-only	plain genus name
g__Parabacteroides	Parabacteroides	1	1	1	3	1	shared	plain genus name
g__Paracoccus	Paracoccus	1	1	1	3	1	shared	plain genus name
g__Paradevosia	Paradevosia	1	0	0	1	0	SILVA-only	plain genus name
g__Parafilimonas	Parafilimonas	1	0	0	1	0	SILVA-only	plain genus name
g__Paraprevotella	Paraprevotella	1	0	0	1	0	SILVA-only	plain genus name
g__Parascardovia	Parascardovia	1	1	0	2	1	shared	plain genus name
g__Parasutterella	Parasutterella	0	1	0	1	0	SILVA-only	plain genus name
g__Parvimonas	Parvimonas	1	1	1	3	1	shared	plain genus name
g__Paucibacter	Paucibacter	1	1	0	2	1	shared	plain genus name
g__Pedobacter	Pedobacter	1	0	1	2	0	shared	plain genus name
g__Pedomicrobium	Pedomicrobium	0	0	1	1	0	Greengenes-only	plain genus name
g__Pelistega	Pelistega	1	0	0	1	0	SILVA-only	plain genus name
g__Pelosinus	Pelosinus	0	1	0	1	0	SILVA-only	plain genus name
g__Pelospora	Pelospora	1	1	0	2	1	shared	plain genus name
g__Peptoanaerobacter	Peptoanaerobacter	1	1	0	2	1	shared	plain genus name
g__Peptococcus	Peptococcus	1	1	1	3	1	shared	plain genus name
g__Peptoniphilus	Peptoniphilus	1	1	1	3	1	shared	plain genus name
g__Peptostreptococcus	Peptostreptococcus	1	1	1	3	1	shared	plain genus name
g__Peredibacter	Peredibacter	1	0	0	1	0	SILVA-only	plain genus name
g__Peribacillus	Peribacillus	1	0	0	1	0	SILVA-only	plain genus name
g__ph2	ph2	0	0	1	1	0	Greengenes-only	plain genus name
g__Phaeospirillum	Phaeospirillum	0	0	1	1	0	Greengenes-only	plain genus name
g__Phascolarctobacterium	Phascolarctobacterium	1	0	1	2	0	shared	plain genus name
g__Phaselicystis	Phaselicystis	1	1	0	2	1	shared	plain genus name
g__Phenylobacterium	Phenylobacterium	1	0	1	2	0	shared	plain genus name
g__Phocaeicola	Phocaeicola	1	1	0	2	1	shared	plain genus name
g__Phormidium	Phormidium	0	0	1	1	0	Greengenes-only	plain genus name
g__Phreatobacter	Phreatobacter	1	0	0	1	0	SILVA-only	plain genus name
g__Pilimelia	Pilimelia	0	0	1	1	0	Greengenes-only	plain genus name
g__Planctomyces	Planctomyces	0	0	1	1	0	Greengenes-only	plain genus name
g__Planifilum	Planifilum	1	0	0	1	0	SILVA-only	plain genus name
g__Planococcus	Planococcus	0	0	1	1	0	Greengenes-only	plain genus name
g__Plesiocystis	Plesiocystis	0	0	1	1	0	Greengenes-only	plain genus name
g__Plesiomonas	Plesiomonas	0	1	0	1	0	SILVA-only	plain genus name
g__Polaribacter	Polaribacter	0	0	1	1	0	Greengenes-only	plain genus name
g__Polynucleobacter	Polynucleobacter	0	1	0	1	0	SILVA-only	plain genus name
g__Pontibacter	Pontibacter	1	0	0	1	0	SILVA-only	plain genus name
g__Porphyromonas	Porphyromonas	1	1	1	3	1	shared	plain genus name
g__Prevotella	Prevotella	1	1	1	3	1	shared	plain genus name
g__Prevotellaceae_NK3B31_group	Prevotellaceae_NK3B31_group	1	0	0	1	0	SILVA-only	SILVA-style lineage/informative label (no literal Greengenes counterpart)
g__Priestia	Priestia	1	0	0	1	0	SILVA-only	plain genus name
g__Propionibacterium	Propionibacterium	1	0	1	2	0	shared	plain genus name
g__Propionicicella	Propionicicella	1	0	0	1	0	SILVA-only	plain genus name
g__Propioniciclava	Propioniciclava	1	0	0	1	0	SILVA-only	plain genus name
g__Propionicimonas	Propionicimonas	0	0	1	1	0	Greengenes-only	plain genus name
g__Propionivibrio	Propionivibrio	1	0	1	2	0	shared	plain genus name
g__Prosthecobacter	Prosthecobacter	1	1	0	2	1	shared	plain genus name
g__Proteiniclasticum	Proteiniclasticum	1	0	0	1	0	SILVA-only	plain genus name
g__Proteiniphilum	Proteiniphilum	1	1	0	2	1	shared	plain genus name
g__Proteus	Proteus	1	0	1	2	0	shared	plain genus name
g__Providencia	Providencia	0	0	1	1	0	Greengenes-only	plain genus name
g__Pseudaeromonas	Pseudaeromonas	1	1	0	2	1	shared	plain genus name
g__Pseudidiomarina	Pseudidiomarina	1	0	0	1	0	SILVA-only	plain genus name
g__Pseudoalteromonas	Pseudoalteromonas	0	0	1	1	0	Greengenes-only	plain genus name
g__Pseudochrobactrum	Pseudochrobactrum	1	0	0	1	0	SILVA-only	plain genus name
g__Pseudoleptotrichia	Pseudoleptotrichia	1	1	0	2	1	shared	plain genus name
g__Pseudolysobacter	Pseudolysobacter	0	1	0	1	0	SILVA-only	plain genus name
g__Pseudomonas	Pseudomonas	1	1	1	3	1	shared	plain genus name
g__Pseudonocardia	Pseudonocardia	1	0	1	2	0	shared	plain genus name
g__Pseudoprevotella	Pseudoprevotella	0	1	0	1	0	SILVA-only	plain genus name
g__Pseudoramibacter	Pseudoramibacter	1	1	0	2	1	shared	plain genus name
g__Pseudoramibacter_Eubacterium	Pseudoramibacter_Eubacterium	0	0	1	1	0	Greengenes-only	plain genus name
g__Pseudorhodoplanes	Pseudorhodoplanes	1	0	0	1	0	SILVA-only	plain genus name
g__Pseudoxanthomonas	Pseudoxanthomonas	1	1	1	3	1	shared	plain genus name
g__Psychrobacter	Psychrobacter	1	0	0	1	0	SILVA-only	plain genus name
g__Puia	Puia	1	0	0	1	0	SILVA-only	plain genus name
g__Pyramidobacter	Pyramidobacter	1	1	1	3	1	shared	plain genus name
g__Qinpengyuania	Qinpengyuania	1	0	0	1	0	SILVA-only	plain genus name
g__Qipengyuania	Qipengyuania	1	0	0	1	0	SILVA-only	plain genus name
g__Ralstonia	Ralstonia	1	1	1	3	1	shared	plain genus name
g__Ramlibacter	Ramlibacter	1	0	1	2	0	shared	plain genus name
g__Reyranella	Reyranella	1	0	0	1	0	SILVA-only	plain genus name
g__RFN20	RFN20	0	0	1	1	0	Greengenes-only	plain genus name
g__Rheinheimera	Rheinheimera	1	0	1	2	0	shared	plain genus name
g__Rhizobacter	Rhizobacter	1	0	0	1	0	SILVA-only	plain genus name
g__Rhizobium	Rhizobium	1	0	0	1	0	SILVA-only	plain genus name
g__Rhizorhabdus	Rhizorhabdus	1	1	0	2	1	shared	plain genus name
g__Rhodanobacter	Rhodanobacter	0	1	0	1	0	SILVA-only	plain genus name
g__Rhodobacter	Rhodobacter	0	0	1	1	0	Greengenes-only	plain genus name
g__Rhodobium	Rhodobium	0	0	1	1	0	Greengenes-only	plain genus name
g__Rhodococcus	Rhodococcus	1	0	1	2	0	shared	plain genus name
g__Rhodocytophaga	Rhodocytophaga	1	0	0	1	0	SILVA-only	plain genus name
g__Rhodoluna	Rhodoluna	0	1	0	1	0	SILVA-only	plain genus name
g__Rhodoplanes	Rhodoplanes	0	0	1	1	0	Greengenes-only	plain genus name
g__Rhodovarius	Rhodovarius	1	0	0	1	0	SILVA-only	plain genus name
g__Rickettsiella	Rickettsiella	0	0	1	1	0	Greengenes-only	plain genus name
g__Rikenellaceae_RC9_gut_group	Rikenellaceae_RC9_gut_group	1	1	0	2	1	shared	SILVA-style lineage/informative label (no literal Greengenes counterpart)
g__Romboutsia	Romboutsia	1	1	0	2	1	shared	plain genus name
g__Roseateles	Roseateles	1	0	1	2	0	shared	plain genus name
g__Roseburia	Roseburia	1	1	0	2	1	shared	plain genus name
g__Roseimarinus	Roseimarinus	1	1	0	2	1	shared	plain genus name
g__Roseomonas	Roseomonas	1	1	1	3	1	shared	plain genus name
g__Rossellomorea	Rossellomorea	1	0	0	1	0	SILVA-only	plain genus name
g__Rothia	Rothia	1	1	1	3	1	shared	plain genus name
g__Rubellimicrobium	Rubellimicrobium	1	0	1	2	0	shared	plain genus name
g__Rubritepida	Rubritepida	1	0	0	1	0	SILVA-only	plain genus name
g__Rubrobacter	Rubrobacter	1	0	1	2	0	shared	plain genus name
g__Rufibacter	Rufibacter	1	0	0	1	0	SILVA-only	plain genus name
g__Ruminococcus	Ruminococcus	1	1	1	3	1	shared	plain genus name
g__Rummeliibacillus	Rummeliibacillus	0	0	1	1	0	Greengenes-only	plain genus name
g__Ruthenibacterium	Ruthenibacterium	1	1	0	2	1	shared	plain genus name
g__S5-A14a	S5-A14a	1	0	0	1	0	SILVA-only	plain genus name
g__Saccharofermentans	Saccharofermentans	1	0	0	1	0	SILVA-only	plain genus name
g__Saccharopolyspora	Saccharopolyspora	1	0	1	2	0	shared	plain genus name
g__Salinicoccus	Salinicoccus	1	0	1	2	0	shared	plain genus name
g__Salinisphaera	Salinisphaera	0	0	1	1	0	Greengenes-only	plain genus name
g__Scardovia	Scardovia	1	1	1	3	1	shared	plain genus name
g__Schaalia	Schaalia	1	1	0	2	1	shared	plain genus name
g__Schinkia	Schinkia	1	0	0	1	0	SILVA-only	plain genus name
g__Schleiferilactobacillus	Schleiferilactobacillus	0	1	0	1	0	SILVA-only	plain genus name
g__Schwartzia	Schwartzia	0	0	1	1	0	Greengenes-only	plain genus name
g__Sedimentibacter	Sedimentibacter	0	0	1	1	0	Greengenes-only	plain genus name
g__Sediminibacterium	Sediminibacterium	1	0	1	2	0	shared	plain genus name
g__Segatella	Segatella	1	1	0	2	1	shared	plain genus name
g__Selenomonas	Selenomonas	1	1	1	3	1	shared	plain genus name
g__Senegalimassilia	Senegalimassilia	1	0	0	1	0	SILVA-only	plain genus name
g__Serinicoccus	Serinicoccus	1	0	0	1	0	SILVA-only	plain genus name
g__Serratia	Serratia	1	1	1	3	1	shared	plain genus name
g__SH3-11	SH3-11	0	1	0	1	0	SILVA-only	plain genus name
g__Sharpea	Sharpea	0	0	1	1	0	Greengenes-only	plain genus name
g__SHD-231	SHD-231	0	0	1	1	0	Greengenes-only	plain genus name
g__Shewanella	Shewanella	1	0	1	2	0	shared	plain genus name
g__Shinella	Shinella	1	0	0	1	0	SILVA-only	plain genus name
g__Shuttleworthia	Shuttleworthia	1	0	1	2	0	shared	plain genus name
g__Simonsiella	Simonsiella	0	1	0	1	0	SILVA-only	plain genus name
g__Simplicispira	Simplicispira	0	0	1	1	0	Greengenes-only	plain genus name
g__Skermanella	Skermanella	1	1	1	3	1	shared	plain genus name
g__SKP-2	SKP-2	1	0	0	1	0	SILVA-only	plain genus name
g__Slackia	Slackia	1	0	1	2	0	shared	plain genus name
g__SM1A02	SM1A02	1	0	0	1	0	SILVA-only	plain genus name
g__Sneathia	Sneathia	1	1	1	3	1	shared	plain genus name
g__Solitalea	Solitalea	1	0	0	1	0	SILVA-only	plain genus name
g__Solobacterium	Solobacterium	1	1	0	2	1	shared	plain genus name
g__Sphaerochaeta	Sphaerochaeta	1	0	1	2	0	shared	plain genus name
g__Sphaerotilus	Sphaerotilus	0	1	0	1	0	SILVA-only	plain genus name
g__Sphingobacterium	Sphingobacterium	1	0	1	2	0	shared	plain genus name
g__Sphingobium	Sphingobium	1	1	1	3	1	shared	plain genus name
g__Sphingomonas	Sphingomonas	1	1	1	3	1	shared	plain genus name
g__Sphingopyxis	Sphingopyxis	0	0	1	1	0	Greengenes-only	plain genus name
g__Spirosoma	Spirosoma	0	0	1	1	0	Greengenes-only	plain genus name
g__Staphylococcus	Staphylococcus	1	1	1	3	1	shared	plain genus name
g__Stenotrophomonas	Stenotrophomonas	1	1	1	3	1	shared	plain genus name
g__Stomatobaculum	Stomatobaculum	1	1	0	2	1	shared	plain genus name
g__Streptobacillus	Streptobacillus	1	1	0	2	1	shared	plain genus name
g__Streptococcus	Streptococcus	1	1	1	3	1	shared	plain genus name
g__Streptomyces	Streptomyces	0	0	1	1	0	Greengenes-only	plain genus name
g__Succiniclasticum	Succiniclasticum	1	0	0	1	0	SILVA-only	plain genus name
g__Succinivibrio	Succinivibrio	1	0	0	1	0	SILVA-only	plain genus name
g__Sulfuricurvum	Sulfuricurvum	0	0	1	1	0	Greengenes-only	plain genus name
g__Sutterella	Sutterella	1	1	1	3	1	shared	plain genus name
g__Tannerella	Tannerella	1	1	1	3	1	shared	plain genus name
g__Tautonia	Tautonia	1	0	0	1	0	SILVA-only	plain genus name
g__Tepidicella	Tepidicella	1	0	0	1	0	SILVA-only	plain genus name
g__Tepidimonas	Tepidimonas	0	1	1	2	0	shared	plain genus name
g__Terrimonas	Terrimonas	1	0	0	1	0	SILVA-only	plain genus name
g__Tessaracoccus	Tessaracoccus	1	0	0	1	0	SILVA-only	plain genus name
g__Tetrasphaera	Tetrasphaera	1	0	0	1	0	SILVA-only	plain genus name
g__TG5	TG5	0	0	1	1	0	Greengenes-only	plain genus name
g__Thauera	Thauera	1	0	0	1	0	SILVA-only	plain genus name
g__Thermicanus	Thermicanus	0	0	1	1	0	Greengenes-only	plain genus name
g__Thermomonas	Thermomonas	1	0	0	1	0	SILVA-only	plain genus name
g__Thermus	Thermus	1	0	1	2	0	shared	plain genus name
g__Thioclava	Thioclava	1	0	0	1	0	SILVA-only	plain genus name
g__Thiomonas	Thiomonas	0	1	0	1	0	SILVA-only	plain genus name
g__Thomasclavelia	Thomasclavelia	1	0	0	1	0	SILVA-only	plain genus name
g__TM7a	TM7a	1	1	0	2	1	shared	plain genus name
g__TM7x	TM7x	1	1	0	2	1	shared	plain genus name
g__Treponema	Treponema	1	1	1	3	1	shared	plain genus name
g__Trichococcus	Trichococcus	0	0	1	1	0	Greengenes-only	plain genus name
g__Truepera	Truepera	1	0	0	1	0	SILVA-only	plain genus name
g__Trueperella	Trueperella	0	0	1	1	0	Greengenes-only	plain genus name
g__Tsuneonella	Tsuneonella	1	1	0	2	1	shared	plain genus name
g__Tumebacillus	Tumebacillus	1	0	0	1	0	SILVA-only	plain genus name
g__Turicibacter	Turicibacter	0	0	1	1	0	Greengenes-only	plain genus name
g__Tyzzerella	Tyzzerella	1	0	0	1	0	SILVA-only	plain genus name
g__UBA12409	UBA12409	1	0	0	1	0	SILVA-only	plain genus name
g__UCG-002	UCG-002	1	1	0	2	1	shared	plain genus name
g__UCG-003	UCG-003	1	0	0	1	0	SILVA-only	plain genus name
g__UCG-004	UCG-004	1	0	0	1	0	SILVA-only	plain genus name
g__UCG-005	UCG-005	1	0	0	1	0	SILVA-only	plain genus name
g__Uliginosibacterium	Uliginosibacterium	1	0	0	1	0	SILVA-only	plain genus name
g__Ureaplasma	Ureaplasma	1	0	0	1	0	SILVA-only	plain genus name
g__Vagococcus	Vagococcus	0	0	1	1	0	Greengenes-only	plain genus name
g__Vampirovibrio	Vampirovibrio	1	0	0	1	0	SILVA-only	plain genus name
g__Varibaculum	Varibaculum	1	0	1	2	0	shared	plain genus name
g__Variovorax	Variovorax	1	1	1	3	1	shared	plain genus name
g__Veillonella	Veillonella	1	1	1	3	1	shared	plain genus name
g__Verruc-01	Verruc-01	1	0	0	1	0	SILVA-only	plain genus name
g__Verticiella	Verticiella	1	0	0	1	0	SILVA-only	plain genus name
g__Vibrio	Vibrio	1	0	1	2	0	shared	plain genus name
g__Vibrionimonas	Vibrionimonas	0	1	0	1	0	SILVA-only	plain genus name
g__Virgisporangium	Virgisporangium	0	0	1	1	0	Greengenes-only	plain genus name
g__Vogesella	Vogesella	0	0	1	1	0	Greengenes-only	plain genus name
g__Vulcaniibacterium	Vulcaniibacterium	1	1	0	2	1	shared	plain genus name
g__W5053	W5053	1	1	0	2	1	shared	plain genus name
g__WAL_1855D	WAL_1855D	0	0	1	1	0	Greengenes-only	plain genus name
g__Weissella	Weissella	1	0	0	1	0	SILVA-only	plain genus name
g__Wolinella	Wolinella	0	1	0	1	0	SILVA-only	plain genus name
g__Xanthobacter	Xanthobacter	1	0	0	1	0	SILVA-only	plain genus name
g__Xanthomonas	Xanthomonas	0	1	0	1	0	SILVA-only	plain genus name
g__Xylanibacter	Xylanibacter	1	1	0	2	1	shared	plain genus name
g__Xylanimicrobium	Xylanimicrobium	0	0	1	1	0	Greengenes-only	plain genus name
g__Yersinia	Yersinia	0	1	0	1	0	SILVA-only	plain genus name
g__Zoogloea	Zoogloea	1	0	1	2	0	shared	plain genus name
Unclassified	Unclassified	1	1	1	3	1	shared	pseudo-label (taxonomy-unclassified reads)
