genus	genus_name	status	detected_in	note
g__1-68	1-68	Greengenes-only	PRJNA813034	Greengenes-style environmental/candidate label (no literal SILVA counterpart)
g__[Clostridium]_innocuum_group	[Clostridium]_innocuum_group	SILVA-only	PRJNA666746	SILVA-style lineage/informative label (no literal Greengenes counterpart)
g__[Eubacterium]	[Eubacterium]	Greengenes-only	PRJNA813034	SILVA bracketed label
g__[Eubacterium]_eligens_group	[Eubacterium]_eligens_group	SILVA-only	PRJNA666746	SILVA-style lineage/informative label (no literal Greengenes counterpart)
g__[Eubacterium]_ventriosum_group	[Eubacterium]_ventriosum_group	SILVA-only	PRJNA822685	SILVA-style lineage/informative label (no literal Greengenes counterpart)
g__[Eubacterium]_xylanophilum_group	[Eubacterium]_xylanophilum_group	SILVA-only	PRJNA666746	SILVA-style lineage/informative label (no literal Greengenes counterpart)
g__[Polyangium]_brachysporum_group	[Polyangium]_brachysporum_group	SILVA-only	PRJNA666746	SILVA-style lineage/informative label (no literal Greengenes counterpart)
g__[Prevotella]	[Prevotella]	Greengenes-only	PRJNA813034	SILVA bracketed label
g__[Ruminococcus]	[Ruminococcus]	Greengenes-only	PRJNA813034	SILVA bracketed label
g__[Ruminococcus]_gnavus_group	[Ruminococcus]_gnavus_group	SILVA-only	PRJNA666746	SILVA-style lineage/informative label (no literal Greengenes counterpart)
g__Acidaminococcus	Acidaminococcus	Greengenes-only	PRJNA813034	plain genus name
g__Acidibacter	Acidibacter	SILVA-only	PRJNA666746	plain genus name
g__Acidiferrimicrobium	Acidiferrimicrobium	SILVA-only	PRJNA822685	plain genus name
g__Acidocella	Acidocella	SILVA-only	PRJNA822685	plain genus name
g__Actinomadura	Actinomadura	Greengenes-only	PRJNA813034	plain genus name
g__Actinoplanes	Actinoplanes	Greengenes-only	PRJNA813034	plain genus name
g__Actinopolymorpha	Actinopolymorpha	Greengenes-only	PRJNA813034	plain genus name
g__Actinotalea	Actinotalea	SILVA-only	PRJNA666746	plain genus name
g__Adlercreutzia	Adlercreutzia	Greengenes-only	PRJNA813034	plain genus name
g__Aeribacillus	Aeribacillus	SILVA-only	PRJNA666746	plain genus name
g__Aeriscardovia	Aeriscardovia	SILVA-only	PRJNA822685	plain genus name
g__Aeromicrobium	Aeromicrobium	Greengenes-only	PRJNA813034	plain genus name
g__Aestuariimicrobium	Aestuariimicrobium	SILVA-only	PRJNA666746	plain genus name
g__AF12	AF12	Greengenes-only	PRJNA813034	plain genus name
g__Afipia	Afipia	SILVA-only	PRJNA666746	plain genus name
g__Agathobacter	Agathobacter	SILVA-only	PRJNA666746	plain genus name
g__Agathobaculum	Agathobaculum	SILVA-only	PRJNA666746	plain genus name
g__Agromyces	Agromyces	Greengenes-only	PRJNA813034	plain genus name
g__Ahniella	Ahniella	SILVA-only	PRJNA666746	plain genus name
g__Alcaligenes	Alcaligenes	SILVA-only	PRJNA666746	plain genus name
g__Alcanivorax	Alcanivorax	Greengenes-only	PRJNA813034	plain genus name
g__Algoriphagus	Algoriphagus	SILVA-only	PRJNA666746	plain genus name
g__Alishewanella	Alishewanella	SILVA-only	PRJNA666746	plain genus name
g__Alkaliphilus	Alkaliphilus	Greengenes-only	PRJNA813034	plain genus name
g__Allisonella	Allisonella	SILVA-only	PRJNA666746	plain genus name
g__Allobaculum	Allobaculum	Greengenes-only	PRJNA813034	plain genus name
g__Alteraurantiacibacter	Alteraurantiacibacter	SILVA-only	PRJNA666746	plain genus name
g__Altererythrobacter	Altererythrobacter	SILVA-only	PRJNA666746	plain genus name
g__Amaricoccus	Amaricoccus	Greengenes-only	PRJNA813034	plain genus name
g__Amphiplicatus	Amphiplicatus	SILVA-only	PRJNA666746	plain genus name
g__Anabaena	Anabaena	Greengenes-only	PRJNA813034	plain genus name
g__Anaerobacillus	Anaerobacillus	Greengenes-only	PRJNA813034	plain genus name
g__Anaerobacterium	Anaerobacterium	SILVA-only	PRJNA666746	plain genus name
g__Anaerolinea	Anaerolinea	SILVA-only	PRJNA666746	plain genus name
g__Anaeroplasma	Anaeroplasma	Greengenes-only	PRJNA813034	plain genus name
g__Anaerotruncus	Anaerotruncus	Greengenes-only	PRJNA813034	plain genus name
g__Aquabacterium	Aquabacterium	SILVA-only	PRJNA666746	plain genus name
g__Aquicella	Aquicella	Greengenes-only	PRJNA813034	plain genus name
g__Aquimonas	Aquimonas	SILVA-only	PRJNA666746	plain genus name
g__Arachnia	Arachnia	SILVA-only	PRJNA666746	plain genus name
g__Arcanobacterium	Arcanobacterium	Greengenes-only	PRJNA813034	plain genus name
g__Arcobacter	Arcobacter	SILVA-only	PRJNA666746	plain genus name
g__Arcticibacter	Arcticibacter	SILVA-only	PRJNA666746	plain genus name
g__Arenimonas	Arenimonas	SILVA-only	PRJNA666746	plain genus name
g__Arsenicicoccus	Arsenicicoccus	Greengenes-only	PRJNA813034	plain genus name
g__Asteroleplasma	Asteroleplasma	SILVA-only	PRJNA666746	plain genus name
g__Asticcacaulis	Asticcacaulis	SILVA-only	PRJNA666746	plain genus name
g__Aurantisolimonas	Aurantisolimonas	SILVA-only	PRJNA666746	plain genus name
g__Aureimonas	Aureimonas	SILVA-only	PRJNA666746	plain genus name
g__Auricoccus-Abyssicoccus	Auricoccus-Abyssicoccus	SILVA-only	PRJNA666746	plain genus name
g__Azohydromonas	Azohydromonas	SILVA-only	PRJNA666746	plain genus name
g__Bacteriovorax	Bacteriovorax	SILVA-only	PRJNA666746	plain genus name
g__Balneimonas	Balneimonas	Greengenes-only	PRJNA813034	plain genus name
g__Barrientosiimonas	Barrientosiimonas	SILVA-only	PRJNA666746	plain genus name
g__Bdellovibrio	Bdellovibrio	Greengenes-only	PRJNA813034	plain genus name
g__Bergeriella	Bergeriella	SILVA-only	PRJNA666746	plain genus name
g__Berryella	Berryella	SILVA-only	PRJNA666746	plain genus name
g__Bosea	Bosea	SILVA-only	PRJNA666746	plain genus name
g__Brachymonas	Brachymonas	SILVA-only	PRJNA822685	plain genus name
g__Breznakibacter	Breznakibacter	SILVA-only	PRJNA666746	plain genus name
g__Brooklawnia	Brooklawnia	SILVA-only	PRJNA666746	plain genus name
g__Bryobacter	Bryobacter	SILVA-only	PRJNA822685	plain genus name
g__Burkholderia	Burkholderia	Greengenes-only	PRJNA813034	plain genus name
g__Butyribacter	Butyribacter	SILVA-only	PRJNA666746	plain genus name
g__C39	C39	Greengenes-only	PRJNA813034	Greengenes-style environmental/candidate label (no literal SILVA counterpart)
g__Caldicoprobacter	Caldicoprobacter	Greengenes-only	PRJNA813034	plain genus name
g__Caldilinea	Caldilinea	Greengenes-only	PRJNA813034	plain genus name
g__Caldimonas	Caldimonas	SILVA-only	PRJNA666746	plain genus name
g__Calidithermus	Calidithermus	SILVA-only	PRJNA666746	plain genus name
g__Candidatus Koribacter	Candidatus Koribacter	Greengenes-only	PRJNA813034	plain genus name
g__Candidatus Rhabdochlamydia	Candidatus Rhabdochlamydia	Greengenes-only	PRJNA813034	plain genus name
g__Candidatus Rhodoluna	Candidatus Rhodoluna	Greengenes-only	PRJNA813034	plain genus name
g__Candidatus Solibacter	Candidatus Solibacter	Greengenes-only	PRJNA813034	plain genus name
g__Candidatus_Accumulibacter	Candidatus_Accumulibacter	SILVA-only	PRJNA666746	plain genus name
g__Candidatus_Berkiella	Candidatus_Berkiella	SILVA-only	PRJNA666746	plain genus name
g__Candidatus_Cardinium	Candidatus_Cardinium	SILVA-only	PRJNA822685	plain genus name
g__Candidatus_Udaeobacter	Candidatus_Udaeobacter	SILVA-only	PRJNA666746	plain genus name
g__Caproiciproducens	Caproiciproducens	SILVA-only	PRJNA666746	plain genus name
g__Carnobacterium	Carnobacterium	SILVA-only	PRJNA666746	plain genus name
g__Castellaniella	Castellaniella	SILVA-only	PRJNA666746	plain genus name
g__Catenibacillus	Catenibacillus	SILVA-only	PRJNA666746	plain genus name
g__Catenibacterium	Catenibacterium	SILVA-only	PRJNA666746	plain genus name
g__Catenisphaera	Catenisphaera	SILVA-only	PRJNA666746	plain genus name
g__Cellulosimicrobium	Cellulosimicrobium	Greengenes-only	PRJNA813034	plain genus name
g__Cellvibrio	Cellvibrio	SILVA-only	PRJNA666746	plain genus name
g__Cereibacter	Cereibacter	SILVA-only	PRJNA666746	plain genus name
g__Chitinophaga	Chitinophaga	Greengenes-only	PRJNA813034	plain genus name
g__Chroococcidiopsis_PCC_7203	Chroococcidiopsis_PCC_7203	SILVA-only	PRJNA666746	plain genus name
g__Chroococcidiopsis_SAG_2023	Chroococcidiopsis_SAG_2023	SILVA-only	PRJNA666746	plain genus name
g__Chryseomicrobium	Chryseomicrobium	SILVA-only	PRJNA666746	plain genus name
g__Chthoniobacter	Chthoniobacter	Greengenes-only	PRJNA813034	plain genus name
g__Chthonobacter	Chthonobacter	SILVA-only	PRJNA666746	plain genus name
g__Citrobacter	Citrobacter	Greengenes-only	PRJNA813034	plain genus name
g__CM44	CM44	Greengenes-only	PRJNA813034	plain genus name
g__Cnuella	Cnuella	SILVA-only	PRJNA666746	plain genus name
g__Colidextribacter	Colidextribacter	SILVA-only	PRJNA666746	plain genus name
g__Collinsella	Collinsella	SILVA-only	PRJNA666746	plain genus name
g__Conexibacter	Conexibacter	SILVA-only	PRJNA666746	plain genus name
g__Coprothermobacter	Coprothermobacter	Greengenes-only	PRJNA813034	plain genus name
g__Coxiella	Coxiella	SILVA-only	PRJNA822685	plain genus name
g__Croceibacterium	Croceibacterium	SILVA-only	PRJNA666746	plain genus name
g__Curtobacterium	Curtobacterium	SILVA-only	PRJNA666746	plain genus name
g__Curvibacter	Curvibacter	SILVA-only	PRJNA666746	plain genus name
g__Cutibacterium	Cutibacterium	SILVA-only	PRJNA666746	plain genus name
g__DA101	DA101	Greengenes-only	PRJNA813034	plain genus name
g__Dactylosporangium	Dactylosporangium	Greengenes-only	PRJNA813034	plain genus name
g__Daejeonella	Daejeonella	SILVA-only	PRJNA666746	plain genus name
g__Dechlorobacter	Dechlorobacter	SILVA-only	PRJNA666746	plain genus name
g__Dehalobacterium	Dehalobacterium	Greengenes-only	PRJNA813034	plain genus name
g__Demequina	Demequina	SILVA-only	PRJNA666746	plain genus name
g__Dermacoccus	Dermacoccus	Greengenes-only	PRJNA813034	plain genus name
g__Dermatophilus	Dermatophilus	SILVA-only	PRJNA666746	plain genus name
g__Desemzia	Desemzia	Greengenes-only	PRJNA813034	plain genus name
g__Desulfosporosinus	Desulfosporosinus	Greengenes-only	PRJNA813034	plain genus name
g__Desulfotomaculum	Desulfotomaculum	Greengenes-only	PRJNA813034	plain genus name
g__DEV114	DEV114	SILVA-only	PRJNA666746	plain genus name
g__Diaphorobacter	Diaphorobacter	SILVA-only	PRJNA666746	plain genus name
g__Dubosiella	Dubosiella	SILVA-only	PRJNA822685	plain genus name
g__Dyella	Dyella	SILVA-only	PRJNA822685	plain genus name
g__Dysgonomonas	Dysgonomonas	Greengenes-only	PRJNA813034	plain genus name
g__Effusibacillus	Effusibacillus	SILVA-only	PRJNA666746	plain genus name
g__Eggerthella	Eggerthella	SILVA-only	PRJNA666746	plain genus name
g__Elizabethkingia	Elizabethkingia	SILVA-only	PRJNA822685	plain genus name
g__Empedobacter	Empedobacter	SILVA-only	PRJNA666746	plain genus name
g__Endomicrobium	Endomicrobium	SILVA-only	PRJNA666746	plain genus name
g__Ensifer	Ensifer	SILVA-only	PRJNA666746	plain genus name
g__Epulopiscium	Epulopiscium	Greengenes-only	PRJNA813034	plain genus name
g__Ercella	Ercella	SILVA-only	PRJNA666746	plain genus name
g__Erwinia	Erwinia	Greengenes-only	PRJNA813034	plain genus name
g__Erysipelothrix	Erysipelothrix	SILVA-only	PRJNA666746	plain genus name
g__Erysipelotrichaceae_UCG-008	Erysipelotrichaceae_UCG-008	SILVA-only	PRJNA666746	SILVA-style lineage/informative label (no literal Greengenes counterpart)
g__Ethanoligenens	Ethanoligenens	Greengenes-only	PRJNA813034	plain genus name
g__Extibacter	Extibacter	SILVA-only	PRJNA666746	plain genus name
g__Ezakiella	Ezakiella	SILVA-only	PRJNA666746	plain genus name
g__Facklamia	Facklamia	Greengenes-only	PRJNA813034	plain genus name
g__Faecalimonas	Faecalimonas	SILVA-only	PRJNA666746	plain genus name
g__Fastidiosipila	Fastidiosipila	SILVA-only	PRJNA666746	plain genus name
g__Fenollaria	Fenollaria	SILVA-only	PRJNA666746	plain genus name
g__Fermentibacillus	Fermentibacillus	SILVA-only	PRJNA666746	plain genus name
g__Ferruginibacter	Ferruginibacter	SILVA-only	PRJNA666746	plain genus name
g__Fibrella	Fibrella	SILVA-only	PRJNA666746	plain genus name
g__Fimbriimonas	Fimbriimonas	Greengenes-only	PRJNA813034	plain genus name
g__Flaviaestuariibacter	Flaviaestuariibacter	SILVA-only	PRJNA666746	plain genus name
g__Flavihumibacter	Flavihumibacter	SILVA-only	PRJNA666746	plain genus name
g__Flavimobilis	Flavimobilis	SILVA-only	PRJNA666746	plain genus name
g__Flavonifractor	Flavonifractor	SILVA-only	PRJNA666746	plain genus name
g__Flexispira	Flexispira	Greengenes-only	PRJNA813034	plain genus name
g__Fusicatenibacter	Fusicatenibacter	SILVA-only	PRJNA666746	plain genus name
g__Gemmobacter	Gemmobacter	SILVA-only	PRJNA666746	plain genus name
g__Geobacter	Geobacter	Greengenes-only	PRJNA813034	plain genus name
g__Geodermatophilus	Geodermatophilus	Greengenes-only	PRJNA813034	plain genus name
g__Georgenia	Georgenia	SILVA-only	PRJNA666746	plain genus name
g__Glutamicibacter	Glutamicibacter	SILVA-only	PRJNA666746	plain genus name
g__Gordonibacter	Gordonibacter	SILVA-only	PRJNA666746	plain genus name
g__GOUTA6	GOUTA6	SILVA-only	PRJNA822685	plain genus name
g__Halobacillus	Halobacillus	SILVA-only	PRJNA666746	plain genus name
g__Haoranjiania	Haoranjiania	SILVA-only	PRJNA666746	plain genus name
g__Hassallia	Hassallia	SILVA-only	PRJNA666746	plain genus name
g__Helcococcus	Helcococcus	Greengenes-only	PRJNA813034	plain genus name
g__Helicobacter	Helicobacter	Greengenes-only	PRJNA813034	plain genus name
g__Herbaspirillum	Herbaspirillum	SILVA-only	PRJNA666746	plain genus name
g__HN-HF0106	HN-HF0106	SILVA-only	PRJNA666746	plain genus name
g__Holdemanella	Holdemanella	SILVA-only	PRJNA666746	plain genus name
g__Holdemania	Holdemania	Greengenes-only	PRJNA813034	plain genus name
g__Hungatella	Hungatella	SILVA-only	PRJNA666746	plain genus name
g__Hylemonella	Hylemonella	Greengenes-only	PRJNA813034	plain genus name
g__Hymenobacter	Hymenobacter	SILVA-only	PRJNA666746	plain genus name
g__Hyphomicrobium	Hyphomicrobium	SILVA-only	PRJNA822685	plain genus name
g__Ideonella	Ideonella	SILVA-only	PRJNA666746	plain genus name
g__Insolitispirillum	Insolitispirillum	SILVA-only	PRJNA822685	plain genus name
g__Jonesia	Jonesia	SILVA-only	PRJNA666746	plain genus name
g__Jonquetella	Jonquetella	Greengenes-only	PRJNA813034	plain genus name
g__Kaistobacter	Kaistobacter	Greengenes-only	PRJNA813034	plain genus name
g__Kineosphaera	Kineosphaera	SILVA-only	PRJNA666746	plain genus name
g__Kinneretia	Kinneretia	SILVA-only	PRJNA666746	plain genus name
g__Knoellia	Knoellia	SILVA-only	PRJNA666746	plain genus name
g__Kytococcus	Kytococcus	SILVA-only	PRJNA666746	plain genus name
g__Lachnoclostridium	Lachnoclostridium	SILVA-only	PRJNA666746	plain genus name
g__Lachnospiraceae_FE2018_group	Lachnospiraceae_FE2018_group	SILVA-only	PRJNA666746	SILVA-style lineage/informative label (no literal Greengenes counterpart)
g__Lachnospiraceae_NK4A136_group	Lachnospiraceae_NK4A136_group	SILVA-only	PRJNA666746	SILVA-style lineage/informative label (no literal Greengenes counterpart)
g__Lachnospiraceae_UCG-004	Lachnospiraceae_UCG-004	SILVA-only	PRJNA822685	SILVA-style lineage/informative label (no literal Greengenes counterpart)
g__Lachnospiraceae_UCG-008	Lachnospiraceae_UCG-008	SILVA-only	PRJNA666746	SILVA-style lineage/informative label (no literal Greengenes counterpart)
g__Lacibacter	Lacibacter	SILVA-only	PRJNA666746	plain genus name
g__Lacrimispora	Lacrimispora	SILVA-only	PRJNA666746	plain genus name
g__Lactococcus	Lactococcus	Greengenes-only	PRJNA813034	plain genus name
g__Lentibacillus	Lentibacillus	SILVA-only	PRJNA666746	plain genus name
g__Leuconostoc	Leuconostoc	SILVA-only	PRJNA666746	plain genus name
g__Leyella	Leyella	SILVA-only	PRJNA666746	plain genus name
g__Lichenibacterium	Lichenibacterium	SILVA-only	PRJNA666746	plain genus name
g__Limibaculum	Limibaculum	SILVA-only	PRJNA666746	plain genus name
g__Limnohabitans	Limnohabitans	SILVA-only	PRJNA822685	plain genus name
g__Listeria	Listeria	SILVA-only	PRJNA822685	plain genus name
g__Litorilinea	Litorilinea	SILVA-only	PRJNA666746	plain genus name
g__Luteibacter	Luteibacter	Greengenes-only	PRJNA813034	plain genus name
g__Luteococcus	Luteococcus	SILVA-only	PRJNA666746	plain genus name
g__Luteolibacter	Luteolibacter	SILVA-only	PRJNA666746	plain genus name
g__Macrococcus	Macrococcus	Greengenes-only	PRJNA813034	plain genus name
g__Mannheimia	Mannheimia	SILVA-only	PRJNA666746	plain genus name
g__Marinibacillus	Marinibacillus	Greengenes-only	PRJNA813034	plain genus name
g__Marinococcus	Marinococcus	SILVA-only	PRJNA666746	plain genus name
g__Marmoricola	Marmoricola	SILVA-only	PRJNA666746	plain genus name
g__Massilia	Massilia	SILVA-only	PRJNA666746	plain genus name
g__Mesobacillus	Mesobacillus	SILVA-only	PRJNA666746	plain genus name
g__Mesomycoplasma	Mesomycoplasma	SILVA-only	PRJNA822685	plain genus name
g__Mesorhizobium	Mesorhizobium	Greengenes-only	PRJNA813034	plain genus name
g__Metabacillus	Metabacillus	SILVA-only	PRJNA666746	plain genus name
g__Methylibium	Methylibium	Greengenes-only	PRJNA813034	plain genus name
g__Methylobacillus	Methylobacillus	SILVA-only	PRJNA666746	plain genus name
g__Methylocella	Methylocella	SILVA-only	PRJNA666746	plain genus name
g__Methylopila	Methylopila	SILVA-only	PRJNA666746	plain genus name
g__Methyloversatilis	Methyloversatilis	SILVA-only	PRJNA822685	plain genus name
g__Microbispora	Microbispora	Greengenes-only	PRJNA813034	plain genus name
g__Microcella	Microcella	SILVA-only	PRJNA666746	plain genus name
g__Microlunatus	Microlunatus	Greengenes-only	PRJNA813034	plain genus name
g__Micropruina	Micropruina	SILVA-only	PRJNA666746	plain genus name
g__Microvirga	Microvirga	SILVA-only	PRJNA666746	plain genus name
g__Mucilaginibacter	Mucilaginibacter	SILVA-only	PRJNA666746	plain genus name
g__Mucispirillum	Mucispirillum	Greengenes-only	PRJNA813034	plain genus name
g__Murdochiella	Murdochiella	SILVA-only	PRJNA666746	plain genus name
g__Muricoccus	Muricoccus	SILVA-only	PRJNA666746	plain genus name
g__Mycoplana	Mycoplana	Greengenes-only	PRJNA813034	plain genus name
g__Mycoplasmopsis	Mycoplasmopsis	SILVA-only	PRJNA822685	plain genus name
g__Myroides	Myroides	Greengenes-only	PRJNA813034	plain genus name
g__Myxosarcina_SAG_30.84	Myxosarcina_SAG_30.84	SILVA-only	PRJNA666746	plain genus name
g__Nafulsella	Nafulsella	SILVA-only	PRJNA666746	plain genus name
g__Nannocystis	Nannocystis	Greengenes-only	PRJNA813034	plain genus name
g__Neorhizobium	Neorhizobium	SILVA-only	PRJNA666746	plain genus name
g__Nesterenkonia	Nesterenkonia	Greengenes-only	PRJNA813034	plain genus name
g__Nevskia	Nevskia	SILVA-only	PRJNA666746	plain genus name
g__Niabella	Niabella	SILVA-only	PRJNA822685	plain genus name
g__Nibribacter	Nibribacter	SILVA-only	PRJNA666746	plain genus name
g__Nitrosomonas	Nitrosomonas	SILVA-only	PRJNA822685	plain genus name
g__Nitrospira	Nitrospira	Greengenes-only	PRJNA813034	plain genus name
g__Niveispirillum	Niveispirillum	SILVA-only	PRJNA666746	plain genus name
g__NK4A214_group	NK4A214_group	SILVA-only	PRJNA666746	SILVA-style lineage/informative label (no literal Greengenes counterpart)
g__Noviherbaspirillum	Noviherbaspirillum	SILVA-only	PRJNA666746	plain genus name
g__Novispirillum	Novispirillum	SILVA-only	PRJNA666746	plain genus name
g__Nubsella	Nubsella	SILVA-only	PRJNA822685	plain genus name
g__Oceanobacillus	Oceanobacillus	SILVA-only	PRJNA666746	plain genus name
g__Ochrobactrum	Ochrobactrum	Greengenes-only	PRJNA813034	plain genus name
g__OLB12	OLB12	SILVA-only	PRJNA666746	plain genus name
g__Oleiharenicola	Oleiharenicola	SILVA-only	PRJNA666746	plain genus name
g__Oligella	Oligella	Greengenes-only	PRJNA813034	plain genus name
g__Opitutus	Opitutus	SILVA-only	PRJNA822685	plain genus name
g__Ornithinimicrobium	Ornithinimicrobium	SILVA-only	PRJNA666746	plain genus name
g__Ornithobacterium	Ornithobacterium	SILVA-only	PRJNA666746	plain genus name
g__Oscillibacter	Oscillibacter	SILVA-only	PRJNA666746	plain genus name
g__Oscillospira	Oscillospira	Greengenes-only	PRJNA813034	plain genus name
g__Paenarthrobacter	Paenarthrobacter	SILVA-only	PRJNA666746	plain genus name
g__Palleronia-Pseudomaribius	Palleronia-Pseudomaribius	SILVA-only	PRJNA666746	plain genus name
g__Paludisphaera	Paludisphaera	SILVA-only	PRJNA666746	plain genus name
g__Pandoraea	Pandoraea	Greengenes-only	PRJNA813034	plain genus name
g__Pantoea	Pantoea	SILVA-only	PRJNA666746	plain genus name
g__Paradevosia	Paradevosia	SILVA-only	PRJNA666746	plain genus name
g__Parafilimonas	Parafilimonas	SILVA-only	PRJNA666746	plain genus name
g__Paraprevotella	Paraprevotella	SILVA-only	PRJNA666746	plain genus name
g__Parasutterella	Parasutterella	SILVA-only	PRJNA822685	plain genus name
g__Pedomicrobium	Pedomicrobium	Greengenes-only	PRJNA813034	plain genus name
g__Pelistega	Pelistega	SILVA-only	PRJNA666746	plain genus name
g__Pelosinus	Pelosinus	SILVA-only	PRJNA822685	plain genus name
g__Peredibacter	Peredibacter	SILVA-only	PRJNA666746	plain genus name
g__Peribacillus	Peribacillus	SILVA-only	PRJNA666746	plain genus name
g__ph2	ph2	Greengenes-only	PRJNA813034	plain genus name
g__Phaeospirillum	Phaeospirillum	Greengenes-only	PRJNA813034	plain genus name
g__Phormidium	Phormidium	Greengenes-only	PRJNA813034	plain genus name
g__Phreatobacter	Phreatobacter	SILVA-only	PRJNA666746	plain genus name
g__Pilimelia	Pilimelia	Greengenes-only	PRJNA813034	plain genus name
g__Planctomyces	Planctomyces	Greengenes-only	PRJNA813034	plain genus name
g__Planifilum	Planifilum	SILVA-only	PRJNA666746	plain genus name
g__Planococcus	Planococcus	Greengenes-only	PRJNA813034	plain genus name
g__Plesiocystis	Plesiocystis	Greengenes-only	PRJNA813034	plain genus name
g__Plesiomonas	Plesiomonas	SILVA-only	PRJNA822685	plain genus name
g__Polaribacter	Polaribacter	Greengenes-only	PRJNA813034	plain genus name
g__Polynucleobacter	Polynucleobacter	SILVA-only	PRJNA822685	plain genus name
g__Pontibacter	Pontibacter	SILVA-only	PRJNA666746	plain genus name
g__Prevotellaceae_NK3B31_group	Prevotellaceae_NK3B31_group	SILVA-only	PRJNA666746	SILVA-style lineage/informative label (no literal Greengenes counterpart)
g__Priestia	Priestia	SILVA-only	PRJNA666746	plain genus name
g__Propionicicella	Propionicicella	SILVA-only	PRJNA666746	plain genus name
g__Propioniciclava	Propioniciclava	SILVA-only	PRJNA666746	plain genus name
g__Propionicimonas	Propionicimonas	Greengenes-only	PRJNA813034	plain genus name
g__Proteiniclasticum	Proteiniclasticum	SILVA-only	PRJNA666746	plain genus name
g__Providencia	Providencia	Greengenes-only	PRJNA813034	plain genus name
g__Pseudidiomarina	Pseudidiomarina	SILVA-only	PRJNA666746	plain genus name
g__Pseudoalteromonas	Pseudoalteromonas	Greengenes-only	PRJNA813034	plain genus name
g__Pseudochrobactrum	Pseudochrobactrum	SILVA-only	PRJNA666746	plain genus name
g__Pseudolysobacter	Pseudolysobacter	SILVA-only	PRJNA822685	plain genus name
g__Pseudoprevotella	Pseudoprevotella	SILVA-only	PRJNA822685	plain genus name
g__Pseudoramibacter_Eubacterium	Pseudoramibacter_Eubacterium	Greengenes-only	PRJNA813034	plain genus name
g__Pseudorhodoplanes	Pseudorhodoplanes	SILVA-only	PRJNA666746	plain genus name
g__Psychrobacter	Psychrobacter	SILVA-only	PRJNA666746	plain genus name
g__Puia	Puia	SILVA-only	PRJNA666746	plain genus name
g__Qinpengyuania	Qinpengyuania	SILVA-only	PRJNA666746	plain genus name
g__Qipengyuania	Qipengyuania	SILVA-only	PRJNA666746	plain genus name
g__Reyranella	Reyranella	SILVA-only	PRJNA666746	plain genus name
g__RFN20	RFN20	Greengenes-only	PRJNA813034	plain genus name
g__Rhizobacter	Rhizobacter	SILVA-only	PRJNA666746	plain genus name
g__Rhizobium	Rhizobium	SILVA-only	PRJNA666746	plain genus name
g__Rhodanobacter	Rhodanobacter	SILVA-only	PRJNA822685	plain genus name
g__Rhodobacter	Rhodobacter	Greengenes-only	PRJNA813034	plain genus name
g__Rhodobium	Rhodobium	Greengenes-only	PRJNA813034	plain genus name
g__Rhodocytophaga	Rhodocytophaga	SILVA-only	PRJNA666746	plain genus name
g__Rhodoluna	Rhodoluna	SILVA-only	PRJNA822685	plain genus name
g__Rhodoplanes	Rhodoplanes	Greengenes-only	PRJNA813034	plain genus name
g__Rhodovarius	Rhodovarius	SILVA-only	PRJNA666746	plain genus name
g__Rickettsiella	Rickettsiella	Greengenes-only	PRJNA813034	plain genus name
g__Rossellomorea	Rossellomorea	SILVA-only	PRJNA666746	plain genus name
g__Rubritepida	Rubritepida	SILVA-only	PRJNA666746	plain genus name
g__Rufibacter	Rufibacter	SILVA-only	PRJNA666746	plain genus name
g__Rummeliibacillus	Rummeliibacillus	Greengenes-only	PRJNA813034	plain genus name
g__S5-A14a	S5-A14a	SILVA-only	PRJNA666746	plain genus name
g__Saccharofermentans	Saccharofermentans	SILVA-only	PRJNA666746	plain genus name
g__Salinisphaera	Salinisphaera	Greengenes-only	PRJNA813034	plain genus name
g__Schinkia	Schinkia	SILVA-only	PRJNA666746	plain genus name
g__Schleiferilactobacillus	Schleiferilactobacillus	SILVA-only	PRJNA822685	plain genus name
g__Schwartzia	Schwartzia	Greengenes-only	PRJNA813034	plain genus name
g__Sedimentibacter	Sedimentibacter	Greengenes-only	PRJNA813034	plain genus name
g__Senegalimassilia	Senegalimassilia	SILVA-only	PRJNA666746	plain genus name
g__Serinicoccus	Serinicoccus	SILVA-only	PRJNA666746	plain genus name
g__SH3-11	SH3-11	SILVA-only	PRJNA822685	plain genus name
g__Sharpea	Sharpea	Greengenes-only	PRJNA813034	plain genus name
g__SHD-231	SHD-231	Greengenes-only	PRJNA813034	plain genus name
g__Shinella	Shinella	SILVA-only	PRJNA666746	plain genus name
g__Simonsiella	Simonsiella	SILVA-only	PRJNA822685	plain genus name
g__Simplicispira	Simplicispira	Greengenes-only	PRJNA813034	plain genus name
g__SKP-2	SKP-2	SILVA-only	PRJNA666746	plain genus name
g__SM1A02	SM1A02	SILVA-only	PRJNA666746	plain genus name
g__Solitalea	Solitalea	SILVA-only	PRJNA666746	plain genus name
g__Sphaerotilus	Sphaerotilus	SILVA-only	PRJNA822685	plain genus name
g__Sphingopyxis	Sphingopyxis	Greengenes-only	PRJNA813034	plain genus name
g__Spirosoma	Spirosoma	Greengenes-only	PRJNA813034	plain genus name
g__Streptomyces	Streptomyces	Greengenes-only	PRJNA813034	plain genus name
g__Succiniclasticum	Succiniclasticum	SILVA-only	PRJNA666746	plain genus name
g__Succinivibrio	Succinivibrio	SILVA-only	PRJNA666746	plain genus name
g__Sulfuricurvum	Sulfuricurvum	Greengenes-only	PRJNA813034	plain genus name
g__Tautonia	Tautonia	SILVA-only	PRJNA666746	plain genus name
g__Tepidicella	Tepidicella	SILVA-only	PRJNA666746	plain genus name
g__Terrimonas	Terrimonas	SILVA-only	PRJNA666746	plain genus name
g__Tessaracoccus	Tessaracoccus	SILVA-only	PRJNA666746	plain genus name
g__Tetrasphaera	Tetrasphaera	SILVA-only	PRJNA666746	plain genus name
g__TG5	TG5	Greengenes-only	PRJNA813034	plain genus name
g__Thauera	Thauera	SILVA-only	PRJNA666746	plain genus name
g__Thermicanus	Thermicanus	Greengenes-only	PRJNA813034	plain genus name
g__Thermomonas	Thermomonas	SILVA-only	PRJNA666746	plain genus name
g__Thioclava	Thioclava	SILVA-only	PRJNA666746	plain genus name
g__Thiomonas	Thiomonas	SILVA-only	PRJNA822685	plain genus name
g__Thomasclavelia	Thomasclavelia	SILVA-only	PRJNA666746	plain genus name
g__Trichococcus	Trichococcus	Greengenes-only	PRJNA813034	plain genus name
g__Truepera	Truepera	SILVA-only	PRJNA666746	plain genus name
g__Trueperella	Trueperella	Greengenes-only	PRJNA813034	plain genus name
g__Tumebacillus	Tumebacillus	SILVA-only	PRJNA666746	plain genus name
g__Turicibacter	Turicibacter	Greengenes-only	PRJNA813034	plain genus name
g__Tyzzerella	Tyzzerella	SILVA-only	PRJNA666746	plain genus name
g__UBA12409	UBA12409	SILVA-only	PRJNA666746	plain genus name
g__UCG-003	UCG-003	SILVA-only	PRJNA666746	plain genus name
g__UCG-004	UCG-004	SILVA-only	PRJNA666746	plain genus name
g__UCG-005	UCG-005	SILVA-only	PRJNA666746	plain genus name
g__Uliginosibacterium	Uliginosibacterium	SILVA-only	PRJNA666746	plain genus name
g__Ureaplasma	Ureaplasma	SILVA-only	PRJNA666746	plain genus name
g__Vagococcus	Vagococcus	Greengenes-only	PRJNA813034	plain genus name
g__Vampirovibrio	Vampirovibrio	SILVA-only	PRJNA666746	plain genus name
g__Verruc-01	Verruc-01	SILVA-only	PRJNA666746	plain genus name
g__Verticiella	Verticiella	SILVA-only	PRJNA666746	plain genus name
g__Vibrionimonas	Vibrionimonas	SILVA-only	PRJNA822685	plain genus name
g__Virgisporangium	Virgisporangium	Greengenes-only	PRJNA813034	plain genus name
g__Vogesella	Vogesella	Greengenes-only	PRJNA813034	plain genus name
g__WAL_1855D	WAL_1855D	Greengenes-only	PRJNA813034	plain genus name
g__Weissella	Weissella	SILVA-only	PRJNA666746	plain genus name
g__Wolinella	Wolinella	SILVA-only	PRJNA822685	plain genus name
g__Xanthobacter	Xanthobacter	SILVA-only	PRJNA666746	plain genus name
g__Xanthomonas	Xanthomonas	SILVA-only	PRJNA822685	plain genus name
g__Xylanimicrobium	Xylanimicrobium	Greengenes-only	PRJNA813034	plain genus name
g__Yersinia	Yersinia	SILVA-only	PRJNA822685	plain genus name
