run_accession	sample_accession	experiment_accession	study_accession	scientific_name	instrument_platform	instrument_model	library_layout	library_strategy	library_source	fastq_ftp	fastq_md5
SRR12750669	SAMN16326768	SRX9222723	PRJNA666746	Homo sapiens	ILLUMINA	Illumina MiSeq	PAIRED	OTHER	METAGENOMIC	ftp.sra.ebi.ac.uk/vol1/fastq/SRR127/069/SRR12750669/SRR12750669_1.fastq.gz;ftp.sra.ebi.ac.uk/vol1/fastq/SRR127/069/SRR12750669/SRR12750669_2.fastq.gz	62de912cc5bb54f51ec0dd356ee7d770;54833bd0f8d0729e2ef9f78fa40f7085
SRR12750671	SAMN16326766	SRX9222721	PRJNA666746	Homo sapiens	ILLUMINA	Illumina MiSeq	PAIRED	OTHER	METAGENOMIC	ftp.sra.ebi.ac.uk/vol1/fastq/SRR127/071/SRR12750671/SRR12750671_1.fastq.gz;ftp.sra.ebi.ac.uk/vol1/fastq/SRR127/071/SRR12750671/SRR12750671_2.fastq.gz	13b8446700b971b05fa4c58a679ee30e;9f3f3233e248bc0098d67d5b7370f860
SRR12750673	SAMN16326764	SRX9222719	PRJNA666746	Homo sapiens	ILLUMINA	Illumina MiSeq	PAIRED	OTHER	METAGENOMIC	ftp.sra.ebi.ac.uk/vol1/fastq/SRR127/073/SRR12750673/SRR12750673_1.fastq.gz;ftp.sra.ebi.ac.uk/vol1/fastq/SRR127/073/SRR12750673/SRR12750673_2.fastq.gz	dfc0c72632071a5877d8521dfa1fe6d3;85e4bde774685c9495808068146aeca1
SRR12750674	SAMN16326763	SRX9222718	PRJNA666746	Homo sapiens	ILLUMINA	Illumina MiSeq	PAIRED	OTHER	METAGENOMIC	ftp.sra.ebi.ac.uk/vol1/fastq/SRR127/074/SRR12750674/SRR12750674_1.fastq.gz;ftp.sra.ebi.ac.uk/vol1/fastq/SRR127/074/SRR12750674/SRR12750674_2.fastq.gz	564b610ab38eeb4062eef66aff4f223b;e950abd6c3701a955233458e944a13b8
SRR12750676	SAMN16326761	SRX9222716	PRJNA666746	Homo sapiens	ILLUMINA	Illumina MiSeq	PAIRED	OTHER	METAGENOMIC	ftp.sra.ebi.ac.uk/vol1/fastq/SRR127/076/SRR12750676/SRR12750676_1.fastq.gz;ftp.sra.ebi.ac.uk/vol1/fastq/SRR127/076/SRR12750676/SRR12750676_2.fastq.gz	402d36446945e8f4d16fcec402893645;db94653a6701c5e129d50d7d5d5af82e
SRR12750677	SAMN16326760	SRX9222715	PRJNA666746	Homo sapiens	ILLUMINA	Illumina MiSeq	PAIRED	OTHER	METAGENOMIC	ftp.sra.ebi.ac.uk/vol1/fastq/SRR127/077/SRR12750677/SRR12750677_1.fastq.gz;ftp.sra.ebi.ac.uk/vol1/fastq/SRR127/077/SRR12750677/SRR12750677_2.fastq.gz	d0e5a68fb831d29fc559c7651a529be5;59f194915d3df90796bbf230c0d8a79e
SRR12750682	SAMN16326756	SRX9222710	PRJNA666746	Homo sapiens	ILLUMINA	Illumina MiSeq	PAIRED	OTHER	METAGENOMIC	ftp.sra.ebi.ac.uk/vol1/fastq/SRR127/082/SRR12750682/SRR12750682_1.fastq.gz;ftp.sra.ebi.ac.uk/vol1/fastq/SRR127/082/SRR12750682/SRR12750682_2.fastq.gz	67a4203f4417464eacaab28b585680db;a0915bbaefaa6e2e5f9bb234406db2f0
SRR12750683	SAMN16326755	SRX9222709	PRJNA666746	Homo sapiens	ILLUMINA	Illumina MiSeq	PAIRED	OTHER	METAGENOMIC	ftp.sra.ebi.ac.uk/vol1/fastq/SRR127/083/SRR12750683/SRR12750683_1.fastq.gz;ftp.sra.ebi.ac.uk/vol1/fastq/SRR127/083/SRR12750683/SRR12750683_2.fastq.gz	6245c298e014fc653b2d73b8e1ae3301;e4a15dcd20813dc293ad3626c286c521
SRR12750685	SAMN16326753	SRX9222707	PRJNA666746	Homo sapiens	ILLUMINA	Illumina MiSeq	PAIRED	OTHER	METAGENOMIC	ftp.sra.ebi.ac.uk/vol1/fastq/SRR127/085/SRR12750685/SRR12750685_1.fastq.gz;ftp.sra.ebi.ac.uk/vol1/fastq/SRR127/085/SRR12750685/SRR12750685_2.fastq.gz	9dd8e9f6e34d0b5b05d532e8dc780adf;f36d98050d624225a5ef97e37791869a
SRR12750687	SAMN16326733	SRX9222705	PRJNA666746	Homo sapiens	ILLUMINA	Illumina MiSeq	PAIRED	OTHER	METAGENOMIC	ftp.sra.ebi.ac.uk/vol1/fastq/SRR127/087/SRR12750687/SRR12750687_1.fastq.gz;ftp.sra.ebi.ac.uk/vol1/fastq/SRR127/087/SRR12750687/SRR12750687_2.fastq.gz	fad4d5316dbb4523006712e5b835c821;d2b30149755a590b25e0873a88d8fae8
SRR12750689	SAMN16326731	SRX9222703	PRJNA666746	Homo sapiens	ILLUMINA	Illumina MiSeq	PAIRED	OTHER	METAGENOMIC	ftp.sra.ebi.ac.uk/vol1/fastq/SRR127/089/SRR12750689/SRR12750689_1.fastq.gz;ftp.sra.ebi.ac.uk/vol1/fastq/SRR127/089/SRR12750689/SRR12750689_2.fastq.gz	dbe5b98d6ada16c15270ba2f74fefc34;e3ce298d6dab6452158488956becc5fb
SRR12750690	SAMN16326730	SRX9222702	PRJNA666746	Homo sapiens	ILLUMINA	Illumina MiSeq	PAIRED	OTHER	METAGENOMIC	ftp.sra.ebi.ac.uk/vol1/fastq/SRR127/090/SRR12750690/SRR12750690_1.fastq.gz;ftp.sra.ebi.ac.uk/vol1/fastq/SRR127/090/SRR12750690/SRR12750690_2.fastq.gz	20b56abe80c17cebb3c532721155abe5;6969a136cf88457df2b879c0136a16ac
SRR12750697	SAMN16326724	SRX9222695	PRJNA666746	Homo sapiens	ILLUMINA	Illumina MiSeq	PAIRED	OTHER	METAGENOMIC	ftp.sra.ebi.ac.uk/vol1/fastq/SRR127/097/SRR12750697/SRR12750697_1.fastq.gz;ftp.sra.ebi.ac.uk/vol1/fastq/SRR127/097/SRR12750697/SRR12750697_2.fastq.gz	3a45a19dca5086ae058f5d2b1583c2f1;a10e00b246ff410302dc8aa7ca1b4d3d
SRR12750698	SAMN16326723	SRX9222694	PRJNA666746	Homo sapiens	ILLUMINA	Illumina MiSeq	PAIRED	OTHER	METAGENOMIC	ftp.sra.ebi.ac.uk/vol1/fastq/SRR127/098/SRR12750698/SRR12750698_1.fastq.gz;ftp.sra.ebi.ac.uk/vol1/fastq/SRR127/098/SRR12750698/SRR12750698_2.fastq.gz	6f3c70807014a7ee57f022c1600c2cde;557d5edcf4a342cd908e97cadfd8bd0c
SRR12750705	SAMN16326717	SRX9222687	PRJNA666746	Homo sapiens	ILLUMINA	Illumina MiSeq	PAIRED	OTHER	METAGENOMIC	ftp.sra.ebi.ac.uk/vol1/fastq/SRR127/005/SRR12750705/SRR12750705_1.fastq.gz;ftp.sra.ebi.ac.uk/vol1/fastq/SRR127/005/SRR12750705/SRR12750705_2.fastq.gz	fc717c8d92fa9ae8634efecb18324204;79769aa63d1161c3cbccf888c6a2dcb7
SRR12750706	SAMN16326716	SRX9222646	PRJNA666746	Homo sapiens	ILLUMINA	Illumina MiSeq	PAIRED	OTHER	METAGENOMIC	ftp.sra.ebi.ac.uk/vol1/fastq/SRR127/006/SRR12750706/SRR12750706_1.fastq.gz;ftp.sra.ebi.ac.uk/vol1/fastq/SRR127/006/SRR12750706/SRR12750706_2.fastq.gz	ddbc44fa7fc6c0b90aeffd5e3588a3a5;5065dbe1319765d5f22062e22441babf
SRR12750709	SAMN16326695	SRX9222683	PRJNA666746	Homo sapiens	ILLUMINA	Illumina MiSeq	PAIRED	OTHER	METAGENOMIC	ftp.sra.ebi.ac.uk/vol1/fastq/SRR127/009/SRR12750709/SRR12750709_1.fastq.gz;ftp.sra.ebi.ac.uk/vol1/fastq/SRR127/009/SRR12750709/SRR12750709_2.fastq.gz	c43e89a836f248a5871e24e6c41f6d88;bfc61cd314097e07cd586fa45d496a8b
SRR12750713	SAMN16326691	SRX9222679	PRJNA666746	Homo sapiens	ILLUMINA	Illumina MiSeq	PAIRED	OTHER	METAGENOMIC	ftp.sra.ebi.ac.uk/vol1/fastq/SRR127/013/SRR12750713/SRR12750713_1.fastq.gz;ftp.sra.ebi.ac.uk/vol1/fastq/SRR127/013/SRR12750713/SRR12750713_2.fastq.gz	d6180f170528762f17dd56bf85f51058;6b1a0119b747ce261d8e520e7a2ce713
SRR12750715	SAMN16326689	SRX9222677	PRJNA666746	Homo sapiens	ILLUMINA	Illumina MiSeq	PAIRED	OTHER	METAGENOMIC	ftp.sra.ebi.ac.uk/vol1/fastq/SRR127/015/SRR12750715/SRR12750715_1.fastq.gz;ftp.sra.ebi.ac.uk/vol1/fastq/SRR127/015/SRR12750715/SRR12750715_2.fastq.gz	a48c5f48b69aadaa14e98c65927e5bba;65a448332434fed2a9c3f04f7c7d2508
SRR12750717	SAMN16326688	SRX9222675	PRJNA666746	Homo sapiens	ILLUMINA	Illumina MiSeq	PAIRED	OTHER	METAGENOMIC	ftp.sra.ebi.ac.uk/vol1/fastq/SRR127/017/SRR12750717/SRR12750717_1.fastq.gz;ftp.sra.ebi.ac.uk/vol1/fastq/SRR127/017/SRR12750717/SRR12750717_2.fastq.gz	ead0e81af0277996580508afe175a8e3;d79724c849af512a20eea06e5c8256ee
SRR12750720	SAMN16326685	SRX9222672	PRJNA666746	Homo sapiens	ILLUMINA	Illumina MiSeq	PAIRED	OTHER	METAGENOMIC	ftp.sra.ebi.ac.uk/vol1/fastq/SRR127/020/SRR12750720/SRR12750720_1.fastq.gz;ftp.sra.ebi.ac.uk/vol1/fastq/SRR127/020/SRR12750720/SRR12750720_2.fastq.gz	a5ae9d51804d3513b997b13032b96403;3cce6eee0117df83180692cf59df02a6
SRR12750722	SAMN16326683	SRX9222670	PRJNA666746	Homo sapiens	ILLUMINA	Illumina MiSeq	PAIRED	OTHER	METAGENOMIC	ftp.sra.ebi.ac.uk/vol1/fastq/SRR127/022/SRR12750722/SRR12750722_1.fastq.gz;ftp.sra.ebi.ac.uk/vol1/fastq/SRR127/022/SRR12750722/SRR12750722_2.fastq.gz	181ef27c7b128895696bac4faff4bb6c;e21cf8bc699044a757c0022f21e6f082
SRR12750726	SAMN16326679	SRX9222626	PRJNA666746	Homo sapiens	ILLUMINA	Illumina MiSeq	PAIRED	OTHER	METAGENOMIC	ftp.sra.ebi.ac.uk/vol1/fastq/SRR127/026/SRR12750726/SRR12750726_1.fastq.gz;ftp.sra.ebi.ac.uk/vol1/fastq/SRR127/026/SRR12750726/SRR12750726_2.fastq.gz	77ef0637b76da162086d895e68b34422;eb94c42c76d89092e8f7f648ec680a52
SRR12750729	SAMN16326749	SRX9222663	PRJNA666746	Homo sapiens	ILLUMINA	Illumina MiSeq	PAIRED	OTHER	METAGENOMIC	ftp.sra.ebi.ac.uk/vol1/fastq/SRR127/029/SRR12750729/SRR12750729_1.fastq.gz;ftp.sra.ebi.ac.uk/vol1/fastq/SRR127/029/SRR12750729/SRR12750729_2.fastq.gz	b1ede21f102689c47dc51423b76363f9;7faa64f19499773a8d1d27002ed3ac97
SRR12750733	SAMN16326746	SRX9222659	PRJNA666746	Homo sapiens	ILLUMINA	Illumina MiSeq	PAIRED	OTHER	METAGENOMIC	ftp.sra.ebi.ac.uk/vol1/fastq/SRR127/033/SRR12750733/SRR12750733_1.fastq.gz;ftp.sra.ebi.ac.uk/vol1/fastq/SRR127/033/SRR12750733/SRR12750733_2.fastq.gz	45dd82b8b9d6dc83e24347909206ddf2;b93a9ec682fff4475a1ab1a037f574fe
SRR12750736	SAMN16326743	SRX9222656	PRJNA666746	Homo sapiens	ILLUMINA	Illumina MiSeq	PAIRED	OTHER	METAGENOMIC	ftp.sra.ebi.ac.uk/vol1/fastq/SRR127/036/SRR12750736/SRR12750736_1.fastq.gz;ftp.sra.ebi.ac.uk/vol1/fastq/SRR127/036/SRR12750736/SRR12750736_2.fastq.gz	b2bec0df89c8bd0b63b4d829702908c1;1c448aa8a836fc0b10ebd6fc037350d7
SRR12750738	SAMN16326741	SRX9222654	PRJNA666746	Homo sapiens	ILLUMINA	Illumina MiSeq	PAIRED	OTHER	METAGENOMIC	ftp.sra.ebi.ac.uk/vol1/fastq/SRR127/038/SRR12750738/SRR12750738_1.fastq.gz;ftp.sra.ebi.ac.uk/vol1/fastq/SRR127/038/SRR12750738/SRR12750738_2.fastq.gz	5a0da0f59d579580ded172f708a99690;34183535af9335eff05b3dd01bc1c9f6
SRR12750739	SAMN16326740	SRX9222653	PRJNA666746	Homo sapiens	ILLUMINA	Illumina MiSeq	PAIRED	OTHER	METAGENOMIC	ftp.sra.ebi.ac.uk/vol1/fastq/SRR127/039/SRR12750739/SRR12750739_1.fastq.gz;ftp.sra.ebi.ac.uk/vol1/fastq/SRR127/039/SRR12750739/SRR12750739_2.fastq.gz	796ba79ebb3809243b6eea60da6de576;21702284301914e6563c683408198fa9
SRR12750742	SAMN16326738	SRX9222650	PRJNA666746	Homo sapiens	ILLUMINA	Illumina MiSeq	PAIRED	OTHER	METAGENOMIC	ftp.sra.ebi.ac.uk/vol1/fastq/SRR127/042/SRR12750742/SRR12750742_1.fastq.gz;ftp.sra.ebi.ac.uk/vol1/fastq/SRR127/042/SRR12750742/SRR12750742_2.fastq.gz	27a849ce23039713b760bbc77043e401;8f5247ea8f66cd7b566dc2e375799e8a
SRR12750751	SAMN16326711	SRX9222641	PRJNA666746	Homo sapiens	ILLUMINA	Illumina MiSeq	PAIRED	OTHER	METAGENOMIC	ftp.sra.ebi.ac.uk/vol1/fastq/SRR127/051/SRR12750751/SRR12750751_1.fastq.gz;ftp.sra.ebi.ac.uk/vol1/fastq/SRR127/051/SRR12750751/SRR12750751_2.fastq.gz	7787428142df3b65e133eb7fee042336;fc6a945ad8e44ae03d3969dafa18213b
SRR12750752	SAMN16326710	SRX9222640	PRJNA666746	Homo sapiens	ILLUMINA	Illumina MiSeq	PAIRED	OTHER	METAGENOMIC	ftp.sra.ebi.ac.uk/vol1/fastq/SRR127/052/SRR12750752/SRR12750752_1.fastq.gz;ftp.sra.ebi.ac.uk/vol1/fastq/SRR127/052/SRR12750752/SRR12750752_2.fastq.gz	8559e804b34235e7c65982b6aee21dcb;d549c421b98d013d0c75641336096faf
SRR12750754	SAMN16326673	SRX9222638	PRJNA666746	Homo sapiens	ILLUMINA	Illumina MiSeq	PAIRED	OTHER	METAGENOMIC	ftp.sra.ebi.ac.uk/vol1/fastq/SRR127/054/SRR12750754/SRR12750754_1.fastq.gz;ftp.sra.ebi.ac.uk/vol1/fastq/SRR127/054/SRR12750754/SRR12750754_2.fastq.gz	062e7c0adb5acc74e6dddf8b48f40997;2a4a30a665cbdeff2f35d1ad1685d242
SRR12750756	SAMN16326707	SRX9222636	PRJNA666746	Homo sapiens	ILLUMINA	Illumina MiSeq	PAIRED	OTHER	METAGENOMIC	ftp.sra.ebi.ac.uk/vol1/fastq/SRR127/056/SRR12750756/SRR12750756_1.fastq.gz;ftp.sra.ebi.ac.uk/vol1/fastq/SRR127/056/SRR12750756/SRR12750756_2.fastq.gz	47d6edf0d9b3eef596e65dcd7c0a8405;6e52a9de691881f9ab38c30b02e6407d
SRR12750758	SAMN16326705	SRX9222634	PRJNA666746	Homo sapiens	ILLUMINA	Illumina MiSeq	PAIRED	OTHER	METAGENOMIC	ftp.sra.ebi.ac.uk/vol1/fastq/SRR127/058/SRR12750758/SRR12750758_1.fastq.gz;ftp.sra.ebi.ac.uk/vol1/fastq/SRR127/058/SRR12750758/SRR12750758_2.fastq.gz	82f82d87e41ac37bef20181ab08f52fd;37cbb92e37f18a472049c63b20edd15c
SRR12750760	SAMN16326703	SRX9222632	PRJNA666746	Homo sapiens	ILLUMINA	Illumina MiSeq	PAIRED	OTHER	METAGENOMIC	ftp.sra.ebi.ac.uk/vol1/fastq/SRR127/060/SRR12750760/SRR12750760_1.fastq.gz;ftp.sra.ebi.ac.uk/vol1/fastq/SRR127/060/SRR12750760/SRR12750760_2.fastq.gz	99c750f3ed55a9a7440a1ccc671b5b47;dc3dcea4e53614176fd9e910c1745259
SRR12750762	SAMN16326701	SRX9222630	PRJNA666746	Homo sapiens	ILLUMINA	Illumina MiSeq	PAIRED	OTHER	METAGENOMIC	ftp.sra.ebi.ac.uk/vol1/fastq/SRR127/062/SRR12750762/SRR12750762_1.fastq.gz;ftp.sra.ebi.ac.uk/vol1/fastq/SRR127/062/SRR12750762/SRR12750762_2.fastq.gz	21188721354f00248f90f19665847dba;b9a70972726e192ed9dd3d64d23a061e
SRR12750763	SAMN16326700	SRX9222629	PRJNA666746	Homo sapiens	ILLUMINA	Illumina MiSeq	PAIRED	OTHER	METAGENOMIC	ftp.sra.ebi.ac.uk/vol1/fastq/SRR127/063/SRR12750763/SRR12750763_1.fastq.gz;ftp.sra.ebi.ac.uk/vol1/fastq/SRR127/063/SRR12750763/SRR12750763_2.fastq.gz	cbd24461da13bafba9aff7d2d873e551;f02168329df797b44bada5c78b57007c
SRR12750768	SAMN16326669	SRX9222624	PRJNA666746	Homo sapiens	ILLUMINA	Illumina MiSeq	PAIRED	OTHER	METAGENOMIC	ftp.sra.ebi.ac.uk/vol1/fastq/SRR127/068/SRR12750768/SRR12750768_1.fastq.gz;ftp.sra.ebi.ac.uk/vol1/fastq/SRR127/068/SRR12750768/SRR12750768_2.fastq.gz	d942220e81ce62c297c5a556df2a38ae;34e5b8596dd7cd82b4c24ae39c770cdf
SRR12750672	SAMN16326765	SRX9222720	PRJNA666746	Homo sapiens	ILLUMINA	Illumina MiSeq	PAIRED	OTHER	METAGENOMIC	ftp.sra.ebi.ac.uk/vol1/fastq/SRR127/072/SRR12750672/SRR12750672_1.fastq.gz;ftp.sra.ebi.ac.uk/vol1/fastq/SRR127/072/SRR12750672/SRR12750672_2.fastq.gz	bcb1778c7409c8ca33a4aa6b9af03fb1;ac6e0f87c272e4474764cc116e6e6c2a
SRR12750675	SAMN16326762	SRX9222717	PRJNA666746	Homo sapiens	ILLUMINA	Illumina MiSeq	PAIRED	OTHER	METAGENOMIC	ftp.sra.ebi.ac.uk/vol1/fastq/SRR127/075/SRR12750675/SRR12750675_1.fastq.gz;ftp.sra.ebi.ac.uk/vol1/fastq/SRR127/075/SRR12750675/SRR12750675_2.fastq.gz	c861a2f9147a0b9dc6453cfceedf7239;673b699f830a7ccbafcb8804085ddd65
SRR12750679	SAMN16326678	SRX9222713	PRJNA666746	Homo sapiens	ILLUMINA	Illumina MiSeq	PAIRED	OTHER	METAGENOMIC	ftp.sra.ebi.ac.uk/vol1/fastq/SRR127/079/SRR12750679/SRR12750679_1.fastq.gz;ftp.sra.ebi.ac.uk/vol1/fastq/SRR127/079/SRR12750679/SRR12750679_2.fastq.gz	fc448c643cb4c2cf6116471d376af95e;3436f30e6eb8394468a6580913b99dc7
SRR12750680	SAMN16326758	SRX9222712	PRJNA666746	Homo sapiens	ILLUMINA	Illumina MiSeq	PAIRED	OTHER	METAGENOMIC	ftp.sra.ebi.ac.uk/vol1/fastq/SRR127/080/SRR12750680/SRR12750680_1.fastq.gz;ftp.sra.ebi.ac.uk/vol1/fastq/SRR127/080/SRR12750680/SRR12750680_2.fastq.gz	91d0dda344d615a785ff1113ceb3cacd;ee7158cdad82fb5357f826342db71c39
SRR12750688	SAMN16326732	SRX9222704	PRJNA666746	Homo sapiens	ILLUMINA	Illumina MiSeq	PAIRED	OTHER	METAGENOMIC	ftp.sra.ebi.ac.uk/vol1/fastq/SRR127/088/SRR12750688/SRR12750688_1.fastq.gz;ftp.sra.ebi.ac.uk/vol1/fastq/SRR127/088/SRR12750688/SRR12750688_2.fastq.gz	5f140b1c3e31bc3058ed93f2e1a1f4b6;f6c56df21281346ed03f641e234381f7
SRR12750692	SAMN16326675	SRX9222700	PRJNA666746	Homo sapiens	ILLUMINA	Illumina MiSeq	PAIRED	OTHER	METAGENOMIC	ftp.sra.ebi.ac.uk/vol1/fastq/SRR127/092/SRR12750692/SRR12750692_1.fastq.gz;ftp.sra.ebi.ac.uk/vol1/fastq/SRR127/092/SRR12750692/SRR12750692_2.fastq.gz	54d08157efa09c1cb6c80cbd50dbf9f6;479a9e553e7d392567515666509f2f9c
SRR12750694	SAMN16326727	SRX9222698	PRJNA666746	Homo sapiens	ILLUMINA	Illumina MiSeq	PAIRED	OTHER	METAGENOMIC	ftp.sra.ebi.ac.uk/vol1/fastq/SRR127/094/SRR12750694/SRR12750694_1.fastq.gz;ftp.sra.ebi.ac.uk/vol1/fastq/SRR127/094/SRR12750694/SRR12750694_2.fastq.gz	ba1d228735d44594c5185bae89740572;daf0a3b112ae512fa6d5f6b743068348
SRR12750695	SAMN16326726	SRX9222697	PRJNA666746	Homo sapiens	ILLUMINA	Illumina MiSeq	PAIRED	OTHER	METAGENOMIC	ftp.sra.ebi.ac.uk/vol1/fastq/SRR127/095/SRR12750695/SRR12750695_1.fastq.gz;ftp.sra.ebi.ac.uk/vol1/fastq/SRR127/095/SRR12750695/SRR12750695_2.fastq.gz	c114a18c6183a5fb199fc0274266cb69;021186cc1699522522939f579d4b4626
SRR12750699	SAMN16326722	SRX9222693	PRJNA666746	Homo sapiens	ILLUMINA	Illumina MiSeq	PAIRED	OTHER	METAGENOMIC	ftp.sra.ebi.ac.uk/vol1/fastq/SRR127/099/SRR12750699/SRR12750699_1.fastq.gz;ftp.sra.ebi.ac.uk/vol1/fastq/SRR127/099/SRR12750699/SRR12750699_2.fastq.gz	720fb679354b3f0cf4fc31b182bffe44;32cb10c1649feffd9f40c9c42ebd04be
SRR12750702	SAMN16326719	SRX9222690	PRJNA666746	Homo sapiens	ILLUMINA	Illumina MiSeq	PAIRED	OTHER	METAGENOMIC	ftp.sra.ebi.ac.uk/vol1/fastq/SRR127/002/SRR12750702/SRR12750702_1.fastq.gz;ftp.sra.ebi.ac.uk/vol1/fastq/SRR127/002/SRR12750702/SRR12750702_2.fastq.gz	043dfb329efee49a930171d10248b2e4;f0d68d2252dc21ea92957d21a451193b
SRR12750703	SAMN16326674	SRX9222689	PRJNA666746	Homo sapiens	ILLUMINA	Illumina MiSeq	PAIRED	OTHER	METAGENOMIC	ftp.sra.ebi.ac.uk/vol1/fastq/SRR127/003/SRR12750703/SRR12750703_1.fastq.gz;ftp.sra.ebi.ac.uk/vol1/fastq/SRR127/003/SRR12750703/SRR12750703_2.fastq.gz	7c6bbdf5fadb0ac6f9154e982428ff1b;ac99b7fcbf8c8ad1db78b5d1a862954d
SRR12750704	SAMN16326718	SRX9222688	PRJNA666746	Homo sapiens	ILLUMINA	Illumina MiSeq	PAIRED	OTHER	METAGENOMIC	ftp.sra.ebi.ac.uk/vol1/fastq/SRR127/004/SRR12750704/SRR12750704_1.fastq.gz;ftp.sra.ebi.ac.uk/vol1/fastq/SRR127/004/SRR12750704/SRR12750704_2.fastq.gz	f4c0171fd3b4c147facb2fc916d76660;f0e4083a77f4bd2018b41b15d2e987d6
SRR12750707	SAMN16326697	SRX9222685	PRJNA666746	Homo sapiens	ILLUMINA	Illumina MiSeq	PAIRED	OTHER	METAGENOMIC	ftp.sra.ebi.ac.uk/vol1/fastq/SRR127/007/SRR12750707/SRR12750707_1.fastq.gz;ftp.sra.ebi.ac.uk/vol1/fastq/SRR127/007/SRR12750707/SRR12750707_2.fastq.gz	dd9b33ad95413481dca34a65fc655dc4;5b8dae3b4b34f2c553c2d72de01164bc
SRR12750714	SAMN16326690	SRX9222678	PRJNA666746	Homo sapiens	ILLUMINA	Illumina MiSeq	PAIRED	OTHER	METAGENOMIC	ftp.sra.ebi.ac.uk/vol1/fastq/SRR127/014/SRR12750714/SRR12750714_1.fastq.gz;ftp.sra.ebi.ac.uk/vol1/fastq/SRR127/014/SRR12750714/SRR12750714_2.fastq.gz	5ad7b0e8b97487232f6b6c850bf32c8a;fc304e3c2525c45968102309078be5ef
SRR12750721	SAMN16326684	SRX9222671	PRJNA666746	Homo sapiens	ILLUMINA	Illumina MiSeq	PAIRED	OTHER	METAGENOMIC	ftp.sra.ebi.ac.uk/vol1/fastq/SRR127/021/SRR12750721/SRR12750721_1.fastq.gz;ftp.sra.ebi.ac.uk/vol1/fastq/SRR127/021/SRR12750721/SRR12750721_2.fastq.gz	c4abc5400827c04a9a15f4860feeb7b9;4a07c190a88e33dc27b05f0ef574a61d
SRR12750723	SAMN16326682	SRX9222669	PRJNA666746	Homo sapiens	ILLUMINA	Illumina MiSeq	PAIRED	OTHER	METAGENOMIC	ftp.sra.ebi.ac.uk/vol1/fastq/SRR127/023/SRR12750723/SRR12750723_1.fastq.gz;ftp.sra.ebi.ac.uk/vol1/fastq/SRR127/023/SRR12750723/SRR12750723_2.fastq.gz	e4c5cfc8dc373bdc2377b69e10b281e6;6cd4dd3a17a9dae4c14ce059cc44721a
SRR12750725	SAMN16326680	SRX9222667	PRJNA666746	Homo sapiens	ILLUMINA	Illumina MiSeq	PAIRED	OTHER	METAGENOMIC	ftp.sra.ebi.ac.uk/vol1/fastq/SRR127/025/SRR12750725/SRR12750725_1.fastq.gz;ftp.sra.ebi.ac.uk/vol1/fastq/SRR127/025/SRR12750725/SRR12750725_2.fastq.gz	a1c6106fd5bcf625369892c9b52f7219;b28f8bfce00d8a487ce903fcca31babb
SRR12750728	SAMN16326750	SRX9222664	PRJNA666746	Homo sapiens	ILLUMINA	Illumina MiSeq	PAIRED	OTHER	METAGENOMIC	ftp.sra.ebi.ac.uk/vol1/fastq/SRR127/028/SRR12750728/SRR12750728_1.fastq.gz;ftp.sra.ebi.ac.uk/vol1/fastq/SRR127/028/SRR12750728/SRR12750728_2.fastq.gz	1de54cc3c624cd4d13d9c8f02a6315c2;83afee02a4a8d6c3bb90673b7013dcf3
SRR12750731	SAMN16326748	SRX9222661	PRJNA666746	Homo sapiens	ILLUMINA	Illumina MiSeq	PAIRED	OTHER	METAGENOMIC	ftp.sra.ebi.ac.uk/vol1/fastq/SRR127/031/SRR12750731/SRR12750731_1.fastq.gz;ftp.sra.ebi.ac.uk/vol1/fastq/SRR127/031/SRR12750731/SRR12750731_2.fastq.gz	682b3527bb1f0f972516476cae6d5ca0;5922028aa2cea90b671c8e156f3419db
SRR12750732	SAMN16326747	SRX9222660	PRJNA666746	Homo sapiens	ILLUMINA	Illumina MiSeq	PAIRED	OTHER	METAGENOMIC	ftp.sra.ebi.ac.uk/vol1/fastq/SRR127/032/SRR12750732/SRR12750732_1.fastq.gz;ftp.sra.ebi.ac.uk/vol1/fastq/SRR127/032/SRR12750732/SRR12750732_2.fastq.gz	4fc1d62acd62f471d8620ee874fe3f13;ce2e90d913e74e82684e7ce0166186eb
SRR12750734	SAMN16326745	SRX9222658	PRJNA666746	Homo sapiens	ILLUMINA	Illumina MiSeq	PAIRED	OTHER	METAGENOMIC	ftp.sra.ebi.ac.uk/vol1/fastq/SRR127/034/SRR12750734/SRR12750734_1.fastq.gz;ftp.sra.ebi.ac.uk/vol1/fastq/SRR127/034/SRR12750734/SRR12750734_2.fastq.gz	dd4a398cf10681458ba25605c6533c17;17d92f06d5eaa4957a73e99e7639ba0e
SRR12750735	SAMN16326744	SRX9222657	PRJNA666746	Homo sapiens	ILLUMINA	Illumina MiSeq	PAIRED	OTHER	METAGENOMIC	ftp.sra.ebi.ac.uk/vol1/fastq/SRR127/035/SRR12750735/SRR12750735_1.fastq.gz;ftp.sra.ebi.ac.uk/vol1/fastq/SRR127/035/SRR12750735/SRR12750735_2.fastq.gz	7d15ee0cc37fef939ce8a0327ae76d17;ef3d1776e2bc3511da7bb1ab285918a7
SRR12750740	SAMN16326739	SRX9222652	PRJNA666746	Homo sapiens	ILLUMINA	Illumina MiSeq	PAIRED	OTHER	METAGENOMIC	ftp.sra.ebi.ac.uk/vol1/fastq/SRR127/040/SRR12750740/SRR12750740_1.fastq.gz;ftp.sra.ebi.ac.uk/vol1/fastq/SRR127/040/SRR12750740/SRR12750740_2.fastq.gz	3265225b2536236af98252f464e467c3;be577a8d5289c4770e1166d813d69cfb
SRR12750741	SAMN16326676	SRX9222651	PRJNA666746	Homo sapiens	ILLUMINA	Illumina MiSeq	PAIRED	OTHER	METAGENOMIC	ftp.sra.ebi.ac.uk/vol1/fastq/SRR127/041/SRR12750741/SRR12750741_1.fastq.gz;ftp.sra.ebi.ac.uk/vol1/fastq/SRR127/041/SRR12750741/SRR12750741_2.fastq.gz	5557b1e8a5564fc539c474643c0455b8;d1fe8451ad42721bc1cbbe85025e7283
SRR12750743	SAMN16326737	SRX9222649	PRJNA666746	Homo sapiens	ILLUMINA	Illumina MiSeq	PAIRED	OTHER	METAGENOMIC	ftp.sra.ebi.ac.uk/vol1/fastq/SRR127/043/SRR12750743/SRR12750743_1.fastq.gz;ftp.sra.ebi.ac.uk/vol1/fastq/SRR127/043/SRR12750743/SRR12750743_2.fastq.gz	e2105aba2c77be5e06e52e294490fa5e;f6801f6fcf6b2b0dfb647f8df72d3fc2
SRR12750748	SAMN16326714	SRX9222644	PRJNA666746	Homo sapiens	ILLUMINA	Illumina MiSeq	PAIRED	OTHER	METAGENOMIC	ftp.sra.ebi.ac.uk/vol1/fastq/SRR127/048/SRR12750748/SRR12750748_1.fastq.gz;ftp.sra.ebi.ac.uk/vol1/fastq/SRR127/048/SRR12750748/SRR12750748_2.fastq.gz	ba34f3b7f9dbb54f713ebeae3fb380eb;7e0246ff3328ff8295121c73c276e955
SRR12750749	SAMN16326713	SRX9222643	PRJNA666746	Homo sapiens	ILLUMINA	Illumina MiSeq	PAIRED	OTHER	METAGENOMIC	ftp.sra.ebi.ac.uk/vol1/fastq/SRR127/049/SRR12750749/SRR12750749_1.fastq.gz;ftp.sra.ebi.ac.uk/vol1/fastq/SRR127/049/SRR12750749/SRR12750749_2.fastq.gz	f65117fae9fc70673d01092779dbbca9;f61787e835b0a3755df9fcb29a3cc04e
SRR12750750	SAMN16326712	SRX9222642	PRJNA666746	Homo sapiens	ILLUMINA	Illumina MiSeq	PAIRED	OTHER	METAGENOMIC	ftp.sra.ebi.ac.uk/vol1/fastq/SRR127/050/SRR12750750/SRR12750750_1.fastq.gz;ftp.sra.ebi.ac.uk/vol1/fastq/SRR127/050/SRR12750750/SRR12750750_2.fastq.gz	c14622eccfc30355c233c8e0111c631a;e52b2d99d9014449a2ea508a8ed75996
SRR12750755	SAMN16326708	SRX9222637	PRJNA666746	Homo sapiens	ILLUMINA	Illumina MiSeq	PAIRED	OTHER	METAGENOMIC	ftp.sra.ebi.ac.uk/vol1/fastq/SRR127/055/SRR12750755/SRR12750755_1.fastq.gz;ftp.sra.ebi.ac.uk/vol1/fastq/SRR127/055/SRR12750755/SRR12750755_2.fastq.gz	577c0fa72d180f854ff3e1cc7529c806;46dfe32d7514d67e2bf836c34a2d94de
SRR12750761	SAMN16326702	SRX9222631	PRJNA666746	Homo sapiens	ILLUMINA	Illumina MiSeq	PAIRED	OTHER	METAGENOMIC	ftp.sra.ebi.ac.uk/vol1/fastq/SRR127/061/SRR12750761/SRR12750761_1.fastq.gz;ftp.sra.ebi.ac.uk/vol1/fastq/SRR127/061/SRR12750761/SRR12750761_2.fastq.gz	6a7b3ac69a1dfc8dd4e2d0ec14cfeb2e;c72cc8366cca216bb10627df733e7ddb
SRR12750765	SAMN16326672	SRX9222627	PRJNA666746	Homo sapiens	ILLUMINA	Illumina MiSeq	PAIRED	OTHER	METAGENOMIC	ftp.sra.ebi.ac.uk/vol1/fastq/SRR127/065/SRR12750765/SRR12750765_1.fastq.gz;ftp.sra.ebi.ac.uk/vol1/fastq/SRR127/065/SRR12750765/SRR12750765_2.fastq.gz	364d9ba6bbf70727a4dcf0840fd7c703;4a3389541a8cb36bebd59a82ff5eff34
SRR12750670	SAMN16326767	SRX9222722	PRJNA666746	Homo sapiens	ILLUMINA	Illumina MiSeq	PAIRED	OTHER	METAGENOMIC	ftp.sra.ebi.ac.uk/vol1/fastq/SRR127/070/SRR12750670/SRR12750670_1.fastq.gz;ftp.sra.ebi.ac.uk/vol1/fastq/SRR127/070/SRR12750670/SRR12750670_2.fastq.gz	53df204a609d1f5b12f7ba7d96d62a1b;27ddaa8cef727724ae47ba76f3630c7f
SRR12750678	SAMN16326759	SRX9222714	PRJNA666746	Homo sapiens	ILLUMINA	Illumina MiSeq	PAIRED	OTHER	METAGENOMIC	ftp.sra.ebi.ac.uk/vol1/fastq/SRR127/078/SRR12750678/SRR12750678_1.fastq.gz;ftp.sra.ebi.ac.uk/vol1/fastq/SRR127/078/SRR12750678/SRR12750678_2.fastq.gz	1626270070b358cae871d6a958b386e4;293ce60e8e1e2f6e4775ca86b60bb586
SRR12750681	SAMN16326757	SRX9222711	PRJNA666746	Homo sapiens	ILLUMINA	Illumina MiSeq	PAIRED	OTHER	METAGENOMIC	ftp.sra.ebi.ac.uk/vol1/fastq/SRR127/081/SRR12750681/SRR12750681_1.fastq.gz;ftp.sra.ebi.ac.uk/vol1/fastq/SRR127/081/SRR12750681/SRR12750681_2.fastq.gz	502a8547b43ca790bdc38e574f813da4;0ff6e63db13698f39079329816f1ce43
SRR12750684	SAMN16326754	SRX9222708	PRJNA666746	Homo sapiens	ILLUMINA	Illumina MiSeq	PAIRED	OTHER	METAGENOMIC	ftp.sra.ebi.ac.uk/vol1/fastq/SRR127/084/SRR12750684/SRR12750684_1.fastq.gz;ftp.sra.ebi.ac.uk/vol1/fastq/SRR127/084/SRR12750684/SRR12750684_2.fastq.gz	d871834d11da11662034b8f5426a0e1e;0f723d3dab9a9eea1eee82d7ed331deb
SRR12750686	SAMN16326752	SRX9222666	PRJNA666746	Homo sapiens	ILLUMINA	Illumina MiSeq	PAIRED	OTHER	METAGENOMIC	ftp.sra.ebi.ac.uk/vol1/fastq/SRR127/086/SRR12750686/SRR12750686_1.fastq.gz;ftp.sra.ebi.ac.uk/vol1/fastq/SRR127/086/SRR12750686/SRR12750686_2.fastq.gz	ddba4f3f726ec4a4b26c57b1db16ac5e;6e48c6223e18973d712c894047895806
SRR12750691	SAMN16326729	SRX9222701	PRJNA666746	Homo sapiens	ILLUMINA	Illumina MiSeq	PAIRED	OTHER	METAGENOMIC	ftp.sra.ebi.ac.uk/vol1/fastq/SRR127/091/SRR12750691/SRR12750691_1.fastq.gz;ftp.sra.ebi.ac.uk/vol1/fastq/SRR127/091/SRR12750691/SRR12750691_2.fastq.gz	cf76a5df6076bed8fd1860eefacb8b8e;667672f2e70c191b73f1b179daf98a75
SRR12750693	SAMN16326728	SRX9222699	PRJNA666746	Homo sapiens	ILLUMINA	Illumina MiSeq	PAIRED	OTHER	METAGENOMIC	ftp.sra.ebi.ac.uk/vol1/fastq/SRR127/093/SRR12750693/SRR12750693_1.fastq.gz;ftp.sra.ebi.ac.uk/vol1/fastq/SRR127/093/SRR12750693/SRR12750693_2.fastq.gz	9c7485b314e72bd14e527308e192d8a1;c6e9ee0393e5742f2b1a32b8cafd1c0a
SRR12750696	SAMN16326725	SRX9222696	PRJNA666746	Homo sapiens	ILLUMINA	Illumina MiSeq	PAIRED	OTHER	METAGENOMIC	ftp.sra.ebi.ac.uk/vol1/fastq/SRR127/096/SRR12750696/SRR12750696_1.fastq.gz;ftp.sra.ebi.ac.uk/vol1/fastq/SRR127/096/SRR12750696/SRR12750696_2.fastq.gz	67c270ff8efa64da75ef8da971af83df;774d920baa945ffc1195509b81ff33ee
SRR12750700	SAMN16326721	SRX9222692	PRJNA666746	Homo sapiens	ILLUMINA	Illumina MiSeq	PAIRED	OTHER	METAGENOMIC	ftp.sra.ebi.ac.uk/vol1/fastq/SRR127/000/SRR12750700/SRR12750700_1.fastq.gz;ftp.sra.ebi.ac.uk/vol1/fastq/SRR127/000/SRR12750700/SRR12750700_2.fastq.gz	2e117b09fd19172aff2be86e75e7fb75;3559e57489863436b22de466f915eafa
SRR12750701	SAMN16326720	SRX9222691	PRJNA666746	Homo sapiens	ILLUMINA	Illumina MiSeq	PAIRED	OTHER	METAGENOMIC	ftp.sra.ebi.ac.uk/vol1/fastq/SRR127/001/SRR12750701/SRR12750701_1.fastq.gz;ftp.sra.ebi.ac.uk/vol1/fastq/SRR127/001/SRR12750701/SRR12750701_2.fastq.gz	380833cd6a8010f501d1fe2d1d060f4b;eaa71f26e1e002bc3c4f40a519afcd40
SRR12750708	SAMN16326696	SRX9222684	PRJNA666746	Homo sapiens	ILLUMINA	Illumina MiSeq	PAIRED	OTHER	METAGENOMIC	ftp.sra.ebi.ac.uk/vol1/fastq/SRR127/008/SRR12750708/SRR12750708_1.fastq.gz;ftp.sra.ebi.ac.uk/vol1/fastq/SRR127/008/SRR12750708/SRR12750708_2.fastq.gz	4444ac70653ae03bc474016f7e20e4ac;a505bbebef3b91854376726111dbc1ff
SRR12750710	SAMN16326694	SRX9222682	PRJNA666746	Homo sapiens	ILLUMINA	Illumina MiSeq	PAIRED	OTHER	METAGENOMIC	ftp.sra.ebi.ac.uk/vol1/fastq/SRR127/010/SRR12750710/SRR12750710_1.fastq.gz;ftp.sra.ebi.ac.uk/vol1/fastq/SRR127/010/SRR12750710/SRR12750710_2.fastq.gz	edf938e946888dda81b128e72577de95;f0ba9616548d481fa7580867e1e05dae
SRR12750711	SAMN16326693	SRX9222681	PRJNA666746	Homo sapiens	ILLUMINA	Illumina MiSeq	PAIRED	OTHER	METAGENOMIC	ftp.sra.ebi.ac.uk/vol1/fastq/SRR127/011/SRR12750711/SRR12750711_1.fastq.gz;ftp.sra.ebi.ac.uk/vol1/fastq/SRR127/011/SRR12750711/SRR12750711_2.fastq.gz	6bfe01b7bc98141ac2e23885d1d0a986;07bb10187170c1596c7c4ff4ef498905
SRR12750712	SAMN16326692	SRX9222680	PRJNA666746	Homo sapiens	ILLUMINA	Illumina MiSeq	PAIRED	OTHER	METAGENOMIC	ftp.sra.ebi.ac.uk/vol1/fastq/SRR127/012/SRR12750712/SRR12750712_1.fastq.gz;ftp.sra.ebi.ac.uk/vol1/fastq/SRR127/012/SRR12750712/SRR12750712_2.fastq.gz	883c2a960fdc9abbff1f35f366727127;d1946ae7b3125e0aa5b76706937a9ca5
SRR12750716	SAMN16326671	SRX9222676	PRJNA666746	Homo sapiens	ILLUMINA	Illumina MiSeq	PAIRED	OTHER	METAGENOMIC	ftp.sra.ebi.ac.uk/vol1/fastq/SRR127/016/SRR12750716/SRR12750716_1.fastq.gz;ftp.sra.ebi.ac.uk/vol1/fastq/SRR127/016/SRR12750716/SRR12750716_2.fastq.gz	fb6884e90fb644c68345ca5950e1510f;b9d100a40a655b3f392b056efcd8b096
SRR12750718	SAMN16326687	SRX9222674	PRJNA666746	Homo sapiens	ILLUMINA	Illumina MiSeq	PAIRED	OTHER	METAGENOMIC	ftp.sra.ebi.ac.uk/vol1/fastq/SRR127/018/SRR12750718/SRR12750718_1.fastq.gz;ftp.sra.ebi.ac.uk/vol1/fastq/SRR127/018/SRR12750718/SRR12750718_2.fastq.gz	31695a47ac3b4bb187a57fd596a12d84;22c09e567af88d9bf085338b3e8e9458
SRR12750719	SAMN16326686	SRX9222673	PRJNA666746	Homo sapiens	ILLUMINA	Illumina MiSeq	PAIRED	OTHER	METAGENOMIC	ftp.sra.ebi.ac.uk/vol1/fastq/SRR127/019/SRR12750719/SRR12750719_1.fastq.gz;ftp.sra.ebi.ac.uk/vol1/fastq/SRR127/019/SRR12750719/SRR12750719_2.fastq.gz	6ddbda658e95c3e41d8f0f4197d94509;2edf1e638f29dafede2b0bdf502ee84e
SRR12750724	SAMN16326681	SRX9222668	PRJNA666746	Homo sapiens	ILLUMINA	Illumina MiSeq	PAIRED	OTHER	METAGENOMIC	ftp.sra.ebi.ac.uk/vol1/fastq/SRR127/024/SRR12750724/SRR12750724_1.fastq.gz;ftp.sra.ebi.ac.uk/vol1/fastq/SRR127/024/SRR12750724/SRR12750724_2.fastq.gz	01382ba8f517edbb4003c318b8deb8a4;09136742760fc6ecc3bebccc6a0241dd
SRR12750727	SAMN16326751	SRX9222665	PRJNA666746	Homo sapiens	ILLUMINA	Illumina MiSeq	PAIRED	OTHER	METAGENOMIC	ftp.sra.ebi.ac.uk/vol1/fastq/SRR127/027/SRR12750727/SRR12750727_1.fastq.gz;ftp.sra.ebi.ac.uk/vol1/fastq/SRR127/027/SRR12750727/SRR12750727_2.fastq.gz	ae8d54a3212ffab1d1471637ff9bd70a;5cb70060f0cfbbc1fe3d51166d57739b
SRR12750730	SAMN16326677	SRX9222662	PRJNA666746	Homo sapiens	ILLUMINA	Illumina MiSeq	PAIRED	OTHER	METAGENOMIC	ftp.sra.ebi.ac.uk/vol1/fastq/SRR127/030/SRR12750730/SRR12750730_1.fastq.gz;ftp.sra.ebi.ac.uk/vol1/fastq/SRR127/030/SRR12750730/SRR12750730_2.fastq.gz	49953de1768deb9b1cf8046ab7c88213;919675c77e996ac19cb9f40b05839a2c
SRR12750737	SAMN16326742	SRX9222655	PRJNA666746	Homo sapiens	ILLUMINA	Illumina MiSeq	PAIRED	OTHER	METAGENOMIC	ftp.sra.ebi.ac.uk/vol1/fastq/SRR127/037/SRR12750737/SRR12750737_1.fastq.gz;ftp.sra.ebi.ac.uk/vol1/fastq/SRR127/037/SRR12750737/SRR12750737_2.fastq.gz	84826bdb3ef93b50ad0e83097034c202;039d10e4dc48ab31269e052bb9927235
SRR12750744	SAMN16326736	SRX9222648	PRJNA666746	Homo sapiens	ILLUMINA	Illumina MiSeq	PAIRED	OTHER	METAGENOMIC	ftp.sra.ebi.ac.uk/vol1/fastq/SRR127/044/SRR12750744/SRR12750744_1.fastq.gz;ftp.sra.ebi.ac.uk/vol1/fastq/SRR127/044/SRR12750744/SRR12750744_2.fastq.gz	f33dc28b71fa107062a790d320cccb8d;d6116bdff798351319e79a27665a2276
SRR12750745	SAMN16326735	SRX9222647	PRJNA666746	Homo sapiens	ILLUMINA	Illumina MiSeq	PAIRED	OTHER	METAGENOMIC	ftp.sra.ebi.ac.uk/vol1/fastq/SRR127/045/SRR12750745/SRR12750745_1.fastq.gz;ftp.sra.ebi.ac.uk/vol1/fastq/SRR127/045/SRR12750745/SRR12750745_2.fastq.gz	46127ad006e58c4df103286ecad3d94b;9858791be519a074c13f767bc11931e7
SRR12750746	SAMN16326734	SRX9222706	PRJNA666746	Homo sapiens	ILLUMINA	Illumina MiSeq	PAIRED	OTHER	METAGENOMIC	ftp.sra.ebi.ac.uk/vol1/fastq/SRR127/046/SRR12750746/SRR12750746_1.fastq.gz;ftp.sra.ebi.ac.uk/vol1/fastq/SRR127/046/SRR12750746/SRR12750746_2.fastq.gz	578a30f2c66ed2c8ee2b94f7ca22ba2f;6f3d7096009830229527c1f64476d2d7
SRR12750747	SAMN16326715	SRX9222645	PRJNA666746	Homo sapiens	ILLUMINA	Illumina MiSeq	PAIRED	OTHER	METAGENOMIC	ftp.sra.ebi.ac.uk/vol1/fastq/SRR127/047/SRR12750747/SRR12750747_1.fastq.gz;ftp.sra.ebi.ac.uk/vol1/fastq/SRR127/047/SRR12750747/SRR12750747_2.fastq.gz	6440397be482f9dd291914a6aebf8fa0;8c9d10b7d6acc510393ad0a5449bf73d
SRR12750753	SAMN16326709	SRX9222639	PRJNA666746	Homo sapiens	ILLUMINA	Illumina MiSeq	PAIRED	OTHER	METAGENOMIC	ftp.sra.ebi.ac.uk/vol1/fastq/SRR127/053/SRR12750753/SRR12750753_1.fastq.gz;ftp.sra.ebi.ac.uk/vol1/fastq/SRR127/053/SRR12750753/SRR12750753_2.fastq.gz	c7b8a5ca98f88d7f9c8632ae2c2633a8;a5f4a6717d1925a6ab609391af469263
SRR12750757	SAMN16326706	SRX9222635	PRJNA666746	Homo sapiens	ILLUMINA	Illumina MiSeq	PAIRED	OTHER	METAGENOMIC	ftp.sra.ebi.ac.uk/vol1/fastq/SRR127/057/SRR12750757/SRR12750757_1.fastq.gz;ftp.sra.ebi.ac.uk/vol1/fastq/SRR127/057/SRR12750757/SRR12750757_2.fastq.gz	56980c762f7d67b5bb9bfa0bc57d1234;a7ba99537fe791fdaaa1f57a6daf331c
SRR12750759	SAMN16326704	SRX9222633	PRJNA666746	Homo sapiens	ILLUMINA	Illumina MiSeq	PAIRED	OTHER	METAGENOMIC	ftp.sra.ebi.ac.uk/vol1/fastq/SRR127/059/SRR12750759/SRR12750759_1.fastq.gz;ftp.sra.ebi.ac.uk/vol1/fastq/SRR127/059/SRR12750759/SRR12750759_2.fastq.gz	b3d06c9156c44c5b95907f9c54da28d5;d47060f2e138f8828e7cbd1611649ed3
SRR12750764	SAMN16326699	SRX9222628	PRJNA666746	Homo sapiens	ILLUMINA	Illumina MiSeq	PAIRED	OTHER	METAGENOMIC	ftp.sra.ebi.ac.uk/vol1/fastq/SRR127/064/SRR12750764/SRR12750764_1.fastq.gz;ftp.sra.ebi.ac.uk/vol1/fastq/SRR127/064/SRR12750764/SRR12750764_2.fastq.gz	84ebbe05f5b980db5b411381d32a31e9;ccb99afe794623559a1cee7ee63d9b8c
SRR12750766	SAMN16326698	SRX9222686	PRJNA666746	Homo sapiens	ILLUMINA	Illumina MiSeq	PAIRED	OTHER	METAGENOMIC	ftp.sra.ebi.ac.uk/vol1/fastq/SRR127/066/SRR12750766/SRR12750766_1.fastq.gz;ftp.sra.ebi.ac.uk/vol1/fastq/SRR127/066/SRR12750766/SRR12750766_2.fastq.gz	c32423ce88679eb021c286d8892cdc44;46112cb6619a77f3c9092ea06bb48fa1
SRR12750767	SAMN16326670	SRX9222625	PRJNA666746	Homo sapiens	ILLUMINA	Illumina MiSeq	PAIRED	OTHER	METAGENOMIC	ftp.sra.ebi.ac.uk/vol1/fastq/SRR127/067/SRR12750767/SRR12750767_1.fastq.gz;ftp.sra.ebi.ac.uk/vol1/fastq/SRR127/067/SRR12750767/SRR12750767_2.fastq.gz	25fe6453673baaea0e4fbca90c5f8828;f8772dbb7e727bcf55ce4721722194b4
