cohort	analysis_route	genus	complete_pairs	median_tumor_relabund	median_normal_relabund	median_paired_clr_effect	wilcoxon_p	bh_fdr_q
PRJNA666746	DADA2_ASV	Unclassified	50	0.000325897	0.00130685	-0.458762	0.22601	0.254659
PRJNA666746	DADA2_ASV	g__Abiotrophia	50	0	0	0.039133	0.409704	0.43995
PRJNA666746	DADA2_ASV	g__Acholeplasma	50	0	0	0.134993	0.000754934	0.00157225
PRJNA666746	DADA2_ASV	g__Achromobacter	50	0	0	0.130499	0.0390155	0.0507519
PRJNA666746	DADA2_ASV	g__Acidibacter	50	0	0	0.134993	0.000784737	0.00157225
PRJNA666746	DADA2_ASV	g__Acidovorax	50	0	0	0.141895	0.0248477	0.0338832
PRJNA666746	DADA2_ASV	g__Acinetobacter	50	0	0.000282417	0.0338365	0.215052	0.243456
PRJNA666746	DADA2_ASV	g__Actinobacillus	50	0	0	0.0587326	0.367343	0.396235
PRJNA666746	DADA2_ASV	g__Actinomyces	50	0.000172632	0.00242523	-1.03647	0.00243994	0.00412384
PRJNA666746	DADA2_ASV	g__Actinomycetospora	50	0	0	0.134993	0.000815605	0.00157225
PRJNA666746	DADA2_ASV	g__Actinotalea	50	0	0	0.152114	8.87297e-06	8.87297e-05
PRJNA666746	DADA2_ASV	g__Aeribacillus	50	0	0	0.134993	0.000698391	0.00157225
PRJNA666746	DADA2_ASV	g__Aerococcus	50	0	0	0.130499	0.0166377	0.0230813
PRJNA666746	DADA2_ASV	g__Aeromonas	50	0	0	0.198341	3.38235e-06	8.87297e-05
PRJNA666746	DADA2_ASV	g__Aestuariimicrobium	50	0	0	0.134993	0.000784737	0.00157225
PRJNA666746	DADA2_ASV	g__Afipia	50	0	0	0.134993	0.00354364	0.0057271
PRJNA666746	DADA2_ASV	g__Agathobacter	50	0	0	0.198341	1.87591e-05	0.000166401
PRJNA666746	DADA2_ASV	g__Agathobaculum	50	0	0	0.216347	0.028257	0.0377809
PRJNA666746	DADA2_ASV	g__Aggregatibacter	50	0	0.000501754	0.0888846	0.788753	0.807252
PRJNA666746	DADA2_ASV	g__Agrobacterium	50	0	0	0.130499	0.0634661	0.0795398
PRJNA666746	DADA2_ASV	g__Ahniella	50	0	0	0.152114	8.87297e-06	8.87297e-05
PRJNA666746	DADA2_ASV	g__Alcaligenes	50	0	0	0.152114	7.50077e-05	0.000391488
PRJNA666746	DADA2_ASV	g__Algoriphagus	50	0	0	0.152114	8.87297e-06	8.87297e-05
PRJNA666746	DADA2_ASV	g__Alishewanella	50	0	0	0.134993	0.00279936	0.00464946
PRJNA666746	DADA2_ASV	g__Alistipes	50	0	0	0.133208	0.701837	0.727606
PRJNA666746	DADA2_ASV	g__Alkanindiges	50	0	0	0.141895	8.63048e-05	0.00039812
PRJNA666746	DADA2_ASV	g__Allisonella	50	0	0	0.141895	0.000136287	0.000499371
PRJNA666746	DADA2_ASV	g__Alloiococcus	50	0	0	0.134993	0.000847571	0.00157688
PRJNA666746	DADA2_ASV	g__Alloprevotella	50	9.62251e-05	0.000439641	0.0682552	0.484303	0.515445
PRJNA666746	DADA2_ASV	g__Alloscardovia	50	0	0	0.141895	7.15565e-05	0.000390308
PRJNA666746	DADA2_ASV	g__Alteraurantiacibacter	50	0	0	0.152114	8.87297e-06	8.87297e-05
PRJNA666746	DADA2_ASV	g__Altererythrobacter	50	0	0	0.171295	9.97976e-07	8.87297e-05
PRJNA666746	DADA2_ASV	g__Alysiella	50	0	0	0.171295	0.00184253	0.00323962
PRJNA666746	DADA2_ASV	g__Aminipila	50	0	0	0.134993	0.000551083	0.00156521
PRJNA666746	DADA2_ASV	g__Ammoniphilus	50	0	0.00144128	-2.84291	6.35862e-06	8.87297e-05
PRJNA666746	DADA2_ASV	g__Amphiplicatus	50	0	0	0.152114	1.97602e-05	0.000166401
PRJNA666746	DADA2_ASV	g__Anaerobacterium	50	0	0	0.152114	2.82831e-05	0.000222555
PRJNA666746	DADA2_ASV	g__Anaerobutyricum	50	0.000216456	0.000495642	-0.302912	0.265338	0.29482
PRJNA666746	DADA2_ASV	g__Anaerococcus	50	0	0	0.134993	0.0118672	0.0172614
PRJNA666746	DADA2_ASV	g__Anaeroglobus	50	0	0	0.134993	0.00673046	0.0101273
PRJNA666746	DADA2_ASV	g__Anaerolinea	50	0	0	0.141895	9.9154e-05	0.000403338
PRJNA666746	DADA2_ASV	g__Anaerostipes	50	0.000135585	0.000694035	-0.275291	0.0857934	0.105592
PRJNA666746	DADA2_ASV	g__Anaerovorax	50	0	0	0.152114	8.23756e-05	0.000391488
PRJNA666746	DADA2_ASV	g__Anoxybacillus	50	0.000329471	0.00749422	-2.0972	1.74968e-06	8.87297e-05
PRJNA666746	DADA2_ASV	g__Aquabacterium	50	0	0	0.141895	0.00594216	0.00902606
PRJNA666746	DADA2_ASV	g__Aquimonas	50	0	0	0.152114	8.87297e-06	8.87297e-05
PRJNA666746	DADA2_ASV	g__Arachnia	50	0	0	2.36903e-05	0.194277	0.224165
PRJNA666746	DADA2_ASV	g__Arcobacter	50	0	0	0.141895	0.000415324	0.00132023
PRJNA666746	DADA2_ASV	g__Arcticibacter	50	0	0	0.152114	0.000508667	0.00151652
PRJNA666746	DADA2_ASV	g__Arenimonas	50	0	0	0.141895	9.46871e-05	0.000403338
PRJNA666746	DADA2_ASV	g__Arthrobacter	50	0	0	0.152114	4.42546e-05	0.00030346
PRJNA666746	DADA2_ASV	g__Asteroleplasma	50	0	0	0.141895	0.000950408	0.00174788
PRJNA666746	DADA2_ASV	g__Asticcacaulis	50	0	0	0.171295	4.21376e-05	0.00030346
PRJNA666746	DADA2_ASV	g__Aurantisolimonas	50	0	0	0.152114	8.87297e-06	8.87297e-05
PRJNA666746	DADA2_ASV	g__Aureimonas	50	0	0	0.134993	0.000815605	0.00157225
PRJNA666746	DADA2_ASV	g__Auricoccus-Abyssicoccus	50	0	0	0.134993	0.000698391	0.00157225
PRJNA666746	DADA2_ASV	g__Azohydromonas	50	0	0	0.152114	0.000136287	0.000499371
PRJNA666746	DADA2_ASV	g__Azospirillum	50	0	0	0.134993	0.000726163	0.00157225
PRJNA666746	DADA2_ASV	g__Bacillus	50	0	0.00175653	-2.36884	3.38235e-06	8.87297e-05
PRJNA666746	DADA2_ASV	g__Bacteriovorax	50	0	0	0.171295	9.97976e-07	8.87297e-05
PRJNA666746	DADA2_ASV	g__Bacteroides	50	0.00366073	0.0105146	-0.479576	0.028257	0.0377809
PRJNA666746	DADA2_ASV	g__Barrientosiimonas	50	0	0	0.152114	8.39809e-06	8.87297e-05
PRJNA666746	DADA2_ASV	g__Bergeriella	50	0	0	0.141895	0.000645726	0.00157225
PRJNA666746	DADA2_ASV	g__Bergeyella	50	0.000305176	2.47297e-05	1.53304	0.0125682	0.0179546
PRJNA666746	DADA2_ASV	g__Berryella	50	0	0	0.134993	0.00177796	0.00316082
PRJNA666746	DADA2_ASV	g__Bifidobacterium	50	0.0041921	0.00845155	-0.527138	0.0894381	0.109796
PRJNA666746	DADA2_ASV	g__Bilophila	50	0	0	0.139186	0.000130296	0.000496365
PRJNA666746	DADA2_ASV	g__Blautia	50	0.0012525	0.0043853	-0.942391	0.0054056	0.00828974
PRJNA666746	DADA2_ASV	g__Blvii28_wastewater-sludge_group	50	0	0	0.152114	0.000230875	0.000803043
PRJNA666746	DADA2_ASV	g__Bosea	50	0	0	0.141895	0.00243994	0.00412384
PRJNA666746	DADA2_ASV	g__Brachybacterium	50	0	0	0.198341	0.0161853	0.0225841
PRJNA666746	DADA2_ASV	g__Bradyrhizobium	50	0	0	0.141895	9.9154e-05	0.000403338
PRJNA666746	DADA2_ASV	g__Brevibacillus	50	0	0	0.0587326	0.201035	0.230302
PRJNA666746	DADA2_ASV	g__Brevibacterium	50	0	0	0.139186	0.0125682	0.0179546
PRJNA666746	DADA2_ASV	g__Brevundimonas	50	0	9.45696e-05	-0.17782	0.105255	0.12694
PRJNA666746	DADA2_ASV	g__Breznakibacter	50	0	0	0.152114	8.87297e-06	8.87297e-05
PRJNA666746	DADA2_ASV	g__Brooklawnia	50	0	0	0.141895	0.000415324	0.00132023
PRJNA666746	DADA2_ASV	g__Brucella	50	0	0	0.134993	0.000754934	0.00157225
PRJNA666746	DADA2_ASV	g__Bulleidia	50	0	0	0.171295	0.00148465	0.00266903
PRJNA666746	DADA2_ASV	g__Burkholderia-Caballeronia-Paraburkholderia	50	0	0.000239186	-0.485715	0.0554657	0.0706195
PRJNA666746	DADA2_ASV	g__Butyribacter	50	0	0	0.134993	0.000815605	0.00157225
PRJNA666746	DADA2_ASV	g__Butyricimonas	50	0	0	0.134993	0.000815605	0.00157225
PRJNA666746	DADA2_ASV	g__Butyrivibrio	50	0	0	0.216347	0.000573477	0.00157225
PRJNA666746	DADA2_ASV	g__Caldimonas	50	0	0	0.110749	0.0345308	0.0455351
PRJNA666746	DADA2_ASV	g__Calidithermus	50	0	0	0.141895	0.000108676	0.000417316
PRJNA666746	DADA2_ASV	g__Campylobacter	50	0.00640325	0.00217554	0.993259	0.0105666	0.0154164
PRJNA666746	DADA2_ASV	g__Candidatus_Accumulibacter	50	0	0	0.152114	8.87297e-06	8.87297e-05
PRJNA666746	DADA2_ASV	g__Candidatus_Berkiella	50	0	0	0.152114	8.87297e-06	8.87297e-05
PRJNA666746	DADA2_ASV	g__Candidatus_Saccharimonas	50	0	0	0.0910573	0.171914	0.200288
PRJNA666746	DADA2_ASV	g__Candidatus_Udaeobacter	50	0	0	0.141895	0.000508667	0.00151652
PRJNA666746	DADA2_ASV	g__Capnocytophaga	50	0.010054	0.0080338	0.820464	0.0483095	0.0623349
PRJNA666746	DADA2_ASV	g__Caproiciproducens	50	0	0	0.141895	9.04064e-05	0.00039812
PRJNA666746	DADA2_ASV	g__Cardiobacterium	50	0	0	0.109022	0.618594	0.648308
PRJNA666746	DADA2_ASV	g__Carnobacterium	50	0	0	0.134993	0.000698391	0.00157225
PRJNA666746	DADA2_ASV	g__Castellaniella	50	0	0	0.134993	0.000698391	0.00157225
PRJNA666746	DADA2_ASV	g__Catenibacillus	50	0	0	0.134993	0.00342753	0.00557699
PRJNA666746	DADA2_ASV	g__Catenibacterium	50	0	0	0.198341	3.58616e-06	8.87297e-05
PRJNA666746	DADA2_ASV	g__Catenisphaera	50	0	0	0.134993	0.000136287	0.000499371
PRJNA666746	DADA2_ASV	g__Catonella	50	0.00107533	0.000320284	0.666111	0.00911696	0.013465
PRJNA666746	DADA2_ASV	g__Caulobacter	50	0	0	0.134993	0.00366325	0.00588081
PRJNA666746	DADA2_ASV	g__Cellulomonas	50	0	0	0.147921	8.23756e-05	0.000391488
PRJNA666746	DADA2_ASV	g__Cellvibrio	50	0	0	0.134993	0.000596698	0.00157225
PRJNA666746	DADA2_ASV	g__Cereibacter	50	0	0	0.152114	8.87297e-06	8.87297e-05
PRJNA666746	DADA2_ASV	g__Christensenellaceae_R-7_group	50	0	0	0.152114	0.00212243	0.00367787
PRJNA666746	DADA2_ASV	g__Chroococcidiopsis_PCC_7203	50	0	0	0.130499	0.00445942	0.00692726
PRJNA666746	DADA2_ASV	g__Chroococcidiopsis_SAG_2023	50	0	0	0.152114	7.8612e-05	0.000391488
PRJNA666746	DADA2_ASV	g__Chryseobacterium	50	0	0	0.171295	0.00289631	0.00477742
PRJNA666746	DADA2_ASV	g__Chryseomicrobium	50	0	0	0.141895	0.0268486	0.0360989
PRJNA666746	DADA2_ASV	g__Chthonobacter	50	0	0	0.152114	5.9167e-05	0.000364105
PRJNA666746	DADA2_ASV	g__Cloacibacterium	50	0	0	0.152114	0.000914937	0.00168911
PRJNA666746	DADA2_ASV	g__Clostridium	50	0	0	0.141895	0.000620771	0.00157225
PRJNA666746	DADA2_ASV	g__Cnuella	50	0	0	0.141895	0.0046061	0.0071091
PRJNA666746	DADA2_ASV	g__Cohnella	50	0	0	0.134993	0.000754934	0.00157225
PRJNA666746	DADA2_ASV	g__Colidextribacter	50	0	0	0.139186	0.0328621	0.0436948
PRJNA666746	DADA2_ASV	g__Collinsella	50	0.00160974	0.00535381	-0.949622	0.00143151	0.00258318
PRJNA666746	DADA2_ASV	g__Comamonas	50	0	0	0.134993	0.0212237	0.0290238
PRJNA666746	DADA2_ASV	g__Conexibacter	50	0	0	0.141895	9.04064e-05	0.00039812
PRJNA666746	DADA2_ASV	g__Coprobacillus	50	0	0	0.152114	1.16456e-05	0.000114079
PRJNA666746	DADA2_ASV	g__Coprococcus	50	0	0	0.141895	8.63048e-05	0.00039812
PRJNA666746	DADA2_ASV	g__Corynebacterium	50	0.000551108	0.00215988	-0.97053	0.0166377	0.0230813
PRJNA666746	DADA2_ASV	g__Croceibacterium	50	0	0	0.141895	0.000671589	0.00157225
PRJNA666746	DADA2_ASV	g__Cryptobacterium	50	0	0	0.141895	0.0012357	0.00224673
PRJNA666746	DADA2_ASV	g__Cupriavidus	50	0	0	0.134993	0.000815605	0.00157225
PRJNA666746	DADA2_ASV	g__Curtobacterium	50	0	0	0.134993	0.000784737	0.00157225
PRJNA666746	DADA2_ASV	g__Curvibacter	50	0	0	0.152114	8.23756e-05	0.000391488
PRJNA666746	DADA2_ASV	g__Cutibacterium	50	0.000526656	0.00186811	-0.160529	0.0648862	0.0811078
PRJNA666746	DADA2_ASV	g__DEV114	50	0	0	0.134993	0.000815605	0.00157225
PRJNA666746	DADA2_ASV	g__Daejeonella	50	0	0	0.152114	8.87297e-06	8.87297e-05
PRJNA666746	DADA2_ASV	g__Dechlorobacter	50	0	0	0.152114	7.15565e-05	0.000390308
PRJNA666746	DADA2_ASV	g__Defluviitaleaceae_UCG-011	50	0	0	0.0910573	0.0951333	0.115898
PRJNA666746	DADA2_ASV	g__Deinococcus	50	0	0	0.216347	0.00884888	0.01315
PRJNA666746	DADA2_ASV	g__Delftia	50	0	0	0.141895	0.000488595	0.00148434
PRJNA666746	DADA2_ASV	g__Demequina	50	0	0	0.171295	4.52151e-06	8.87297e-05
PRJNA666746	DADA2_ASV	g__Dermabacter	50	0	0	0.110749	0.0140785	0.0198173
PRJNA666746	DADA2_ASV	g__Dermatophilus	50	0	0	0.141895	0.000645726	0.00157225
PRJNA666746	DADA2_ASV	g__Desulfobulbus	50	0	0	0.110749	0.0345308	0.0455351
PRJNA666746	DADA2_ASV	g__Desulfomicrobium	50	0	0	0.134993	0.000815605	0.00157225
PRJNA666746	DADA2_ASV	g__Desulfovibrio	50	0	0	0.152114	0.000488595	0.00148434
PRJNA666746	DADA2_ASV	g__Devosia	50	0	0	0.130499	0.00417845	0.00664124
PRJNA666746	DADA2_ASV	g__Dialister	50	0.000576229	0.000813237	0.55646	0.132961	0.158365
PRJNA666746	DADA2_ASV	g__Diaphorobacter	50	0	0	0.134993	0.000698391	0.00157225
PRJNA666746	DADA2_ASV	g__Dietzia	50	0	0	0.171295	0.000155814	0.000566597
PRJNA666746	DADA2_ASV	g__Dolosigranulum	50	0	0	0.141895	0.000671589	0.00157225
PRJNA666746	DADA2_ASV	g__Dorea	50	0	0	0.141895	0.000488595	0.00148434
PRJNA666746	DADA2_ASV	g__Dyadobacter	50	0	0	0.130499	0.00331482	0.00541194
PRJNA666746	DADA2_ASV	g__Effusibacillus	50	0	0	0.134993	0.000815605	0.00157225
PRJNA666746	DADA2_ASV	g__Eggerthella	50	0	0	0.133208	0.0212237	0.0290238
PRJNA666746	DADA2_ASV	g__Eggerthia	50	0	0	0.130499	0.0133048	0.0188944
PRJNA666746	DADA2_ASV	g__Eikenella	50	4.56963e-05	0.000235748	0.143427	0.954225	0.954225
PRJNA666746	DADA2_ASV	g__Empedobacter	50	0	0	0.141895	0.000415324	0.00132023
PRJNA666746	DADA2_ASV	g__Endomicrobium	50	0	0	0.141895	9.9154e-05	0.000403338
PRJNA666746	DADA2_ASV	g__Enhydrobacter	50	0	0	0.263593	0.204476	0.233687
PRJNA666746	DADA2_ASV	g__Ensifer	50	0	0	0.198341	2.19128e-05	0.000181348
PRJNA666746	DADA2_ASV	g__Enterobacter	50	0	0	0.133208	0.178101	0.206494
PRJNA666746	DADA2_ASV	g__Enterocloster	50	0	0.000452558	-0.242959	0.103166	0.12505
PRJNA666746	DADA2_ASV	g__Enterococcus	50	0	0	0.165269	0.00279936	0.00464946
PRJNA666746	DADA2_ASV	g__Ercella	50	0	0	0.152114	7.50077e-05	0.000391488
PRJNA666746	DADA2_ASV	g__Erysipelothrix	50	0	0	0.152114	8.87297e-06	8.87297e-05
PRJNA666746	DADA2_ASV	g__Erysipelotrichaceae_UCG-006	50	0	0	0.110749	0.0805483	0.0993913
PRJNA666746	DADA2_ASV	g__Erysipelotrichaceae_UCG-008	50	0	0	0.139186	0.000987122	0.00180847
PRJNA666746	DADA2_ASV	g__Erythrobacter	50	0	0	0.216347	5.36725e-06	8.87297e-05
PRJNA666746	DADA2_ASV	g__Escherichia-Shigella	50	0	0	0.109022	0.211485	0.240552
PRJNA666746	DADA2_ASV	g__Exiguobacterium	50	0	0	0.134993	0.0620713	0.0782
PRJNA666746	DADA2_ASV	g__Extibacter	50	0	0	0.134993	0.00557949	0.00850208
PRJNA666746	DADA2_ASV	g__Ezakiella	50	0	0	0.110749	0.0122133	0.0176579
PRJNA666746	DADA2_ASV	g__F0058	50	0	0	0.134993	0.0419321	0.0543984
PRJNA666746	DADA2_ASV	g__F0332	50	0	0	0.0910573	0.111718	0.134398
PRJNA666746	DADA2_ASV	g__Faecalibacterium	50	0	0	0.110749	0.123169	0.147067
PRJNA666746	DADA2_ASV	g__Faecalimonas	50	0	0	0.169977	0.0693016	0.0861782
PRJNA666746	DADA2_ASV	g__Family_XIII_AD3011_group	50	0	0	0.141895	0.00219812	0.00379532
PRJNA666746	DADA2_ASV	g__Family_XIII_UCG-001	50	0	0	0.185186	0.0161853	0.0225841
PRJNA666746	DADA2_ASV	g__Fannyhessea	50	0	0	0.141895	0.000450602	0.00140447
PRJNA666746	DADA2_ASV	g__Fastidiosipila	50	0	0	0.152114	0.000398648	0.00130171
PRJNA666746	DADA2_ASV	g__Fenollaria	50	0	0	0.141895	0.000415324	0.00132023
PRJNA666746	DADA2_ASV	g__Fermentibacillus	50	0	0	0.141895	0.000108676	0.000417316
PRJNA666746	DADA2_ASV	g__Ferruginibacter	50	0	0	0.141895	9.04064e-05	0.00039812
PRJNA666746	DADA2_ASV	g__Fibrella	50	0	0	0.134993	0.000784737	0.00157225
PRJNA666746	DADA2_ASV	g__Filifactor	50	0	0	0.250486	7.15565e-05	0.000390308
PRJNA666746	DADA2_ASV	g__Finegoldia	50	0	0	0.0910573	0.0390155	0.0507519
PRJNA666746	DADA2_ASV	g__Flaviaestuariibacter	50	0	0	0.130499	0.0043169	0.00677161
PRJNA666746	DADA2_ASV	g__Flavihumibacter	50	0	0	0.152114	8.87297e-06	8.87297e-05
PRJNA666746	DADA2_ASV	g__Flavimobilis	50	0	0	0.152114	8.87297e-06	8.87297e-05
PRJNA666746	DADA2_ASV	g__Flavisolibacter	50	0	0	0.134993	0.0011051	0.00201692
PRJNA666746	DADA2_ASV	g__Flavobacterium	50	0	0	0.141895	0.00366325	0.00588081
PRJNA666746	DADA2_ASV	g__Flavonifractor	50	0	0	0.152114	0.0593562	0.0751741
PRJNA666746	DADA2_ASV	g__Flexilinea	50	0	0	0.130499	0.0320535	0.042738
PRJNA666746	DADA2_ASV	g__Fluviicola	50	0	0	0.152114	8.87297e-06	8.87297e-05
PRJNA666746	DADA2_ASV	g__Fretibacterium	50	0	0	0.119436	0.0506052	0.0649479
PRJNA666746	DADA2_ASV	g__Fuscovulum	50	0	0	0.152114	8.87297e-06	8.87297e-05
PRJNA666746	DADA2_ASV	g__Fusicatenibacter	50	0	0.000434868	-1.24727	0.178101	0.206494
PRJNA666746	DADA2_ASV	g__Fusobacterium	50	0.0468905	0.018395	0.298553	0.11394	0.136387
PRJNA666746	DADA2_ASV	g__Gardnerella	50	0	0	0.141895	0.000698391	0.00157225
PRJNA666746	DADA2_ASV	g__Gemella	50	0.0148613	0.0142453	0.0216863	0.931384	0.935281
PRJNA666746	DADA2_ASV	g__Gemmata	50	0	0	0.152114	4.42546e-05	0.00030346
PRJNA666746	DADA2_ASV	g__Gemmatimonas	50	0	0	0.152114	1.97602e-05	0.000166401
PRJNA666746	DADA2_ASV	g__Gemmiger	50	0	0	0.134993	0.000847571	0.00157688
PRJNA666746	DADA2_ASV	g__Gemmobacter	50	0	0	0.141895	0.00261412	0.00440274
PRJNA666746	DADA2_ASV	g__Geobacillus	50	0	0	0.130499	0.103166	0.12505
PRJNA666746	DADA2_ASV	g__Georgenia	50	0	0	0.152114	8.87297e-06	8.87297e-05
PRJNA666746	DADA2_ASV	g__Glutamicibacter	50	0	0	0.141895	0.000671589	0.00157225
PRJNA666746	DADA2_ASV	g__Gordonia	50	0	0	0.141895	0.000170228	0.000609771
PRJNA666746	DADA2_ASV	g__Gordonibacter	50	0	0	0.134993	0.00289631	0.00477742
PRJNA666746	DADA2_ASV	g__Granulicatella	50	0.00350808	0.00746273	-0.472995	0.140684	0.165917
PRJNA666746	DADA2_ASV	g__HN-HF0106	50	0	0	0.152114	8.87297e-06	8.87297e-05
PRJNA666746	DADA2_ASV	g__Haemophilus	50	0.0187811	0.0214213	0.142467	0.730448	0.754011
PRJNA666746	DADA2_ASV	g__Halobacillus	50	0	0	0.134993	0.000754934	0.00157225
PRJNA666746	DADA2_ASV	g__Halomonas	50	0	0	0.0910573	0.0362699	0.0475671
PRJNA666746	DADA2_ASV	g__Haoranjiania	50	0	0	0.152114	1.68966e-05	0.000155969
PRJNA666746	DADA2_ASV	g__Hassallia	50	0	0	0.141895	0.000671589	0.00157225
PRJNA666746	DADA2_ASV	g__Herbaspirillum	50	0	0	0.141895	0.000285701	0.000986592
PRJNA666746	DADA2_ASV	g__Holdemanella	50	0	0	0.152114	4.42546e-05	0.00030346
PRJNA666746	DADA2_ASV	g__Hornefia	50	0	0	0.216347	0.000221142	0.000774805
PRJNA666746	DADA2_ASV	g__Howardella	50	0	0	0.198341	1.60312e-05	0.000150882
PRJNA666746	DADA2_ASV	g__Hoylesella	50	0.00194223	0.00259967	0.069196	0.659698	0.686887
PRJNA666746	DADA2_ASV	g__Hungatella	50	0	0	0.130499	0.0136869	0.0193227
PRJNA666746	DADA2_ASV	g__Hydrogenophaga	50	0	0	0.171295	4.01146e-05	0.000296231
PRJNA666746	DADA2_ASV	g__Hymenobacter	50	0	0	0.134993	0.000815605	0.00157225
PRJNA666746	DADA2_ASV	g__Ideonella	50	0	0	0.141895	0.000551083	0.00156521
PRJNA666746	DADA2_ASV	g__Incertae_Sedis	50	0.0107975	0.0168272	0.0201734	0.443267	0.473871
PRJNA666746	DADA2_ASV	g__Intestinibacter	50	0	0	0.141895	0.000529488	0.00154972
PRJNA666746	DADA2_ASV	g__Janibacter	50	0	0	0.141895	0.0951333	0.115898
PRJNA666746	DADA2_ASV	g__Jeotgalicoccus	50	0	0	0.134993	0.000698391	0.00157225
PRJNA666746	DADA2_ASV	g__Johnsonella	50	0	0	0.0823185	0.878334	0.891333
PRJNA666746	DADA2_ASV	g__Jonesia	50	0	0	0.141895	0.000671589	0.00157225
PRJNA666746	DADA2_ASV	g__Kineosphaera	50	0	0	0.152114	7.8612e-05	0.000391488
PRJNA666746	DADA2_ASV	g__Kingella	50	0	0	0.242348	0.0634661	0.0795398
PRJNA666746	DADA2_ASV	g__Kinneretia	50	0	0	0.134993	0.000815605	0.00157225
PRJNA666746	DADA2_ASV	g__Klebsiella	50	0	0	0.0823185	0.367343	0.396235
PRJNA666746	DADA2_ASV	g__Knoellia	50	0	0	0.141895	0.00270532	0.00452458
PRJNA666746	DADA2_ASV	g__Kocuria	50	0	0	0.109022	0.253083	0.283831
PRJNA666746	DADA2_ASV	g__Kytococcus	50	0	0	0.152114	0.000754934	0.00157225
PRJNA666746	DADA2_ASV	g__Lachnoanaerobaculum	50	0.00163082	0.00131225	0.134329	0.388178	0.41777
PRJNA666746	DADA2_ASV	g__Lachnoclostridium	50	0	0	0.275456	0.215052	0.243456
PRJNA666746	DADA2_ASV	g__Lachnospira	50	0	0	0.141895	0.00270532	0.00452458
PRJNA666746	DADA2_ASV	g__Lachnospiraceae_FE2018_group	50	0	0	0.141895	8.23756e-05	0.000391488
PRJNA666746	DADA2_ASV	g__Lachnospiraceae_NK3A20_group	50	0	0	0.134993	0.000784737	0.00157225
PRJNA666746	DADA2_ASV	g__Lachnospiraceae_NK4A136_group	50	0	0	0.152114	7.8612e-05	0.000391488
PRJNA666746	DADA2_ASV	g__Lachnospiraceae_UCG-008	50	0	0	0.130499	0.00445942	0.00692726
PRJNA666746	DADA2_ASV	g__Lacibacter	50	0	0	0.134993	0.000815605	0.00157225
PRJNA666746	DADA2_ASV	g__Lacrimispora	50	0	0	0.141895	0.000645726	0.00157225
PRJNA666746	DADA2_ASV	g__Lacticaseibacillus	50	0	0	0.134993	0.000754934	0.00157225
PRJNA666746	DADA2_ASV	g__Lactobacillus	50	0	0	0.171295	0.00694138	0.0104121
PRJNA666746	DADA2_ASV	g__Lancefieldella	50	0	0	0.0888846	0.559105	0.591124
PRJNA666746	DADA2_ASV	g__Lautropia	50	1.72607e-05	0	0.233123	0.931384	0.935281
PRJNA666746	DADA2_ASV	g__Lawsonella	50	0	0	0.110749	0.135498	0.160988
PRJNA666746	DADA2_ASV	g__Legionella	50	0	0	0.152114	3.81819e-05	0.000286364
PRJNA666746	DADA2_ASV	g__Leifsonia	50	0	0	0.152114	8.87297e-06	8.87297e-05
PRJNA666746	DADA2_ASV	g__Lentibacillus	50	0	0	0.141895	0.000620771	0.00157225
PRJNA666746	DADA2_ASV	g__Lentimicrobium	50	0	0	0.171295	0.0371666	0.0486103
PRJNA666746	DADA2_ASV	g__Leptotrichia	50	0.00327826	0.00580013	0.0575467	0.81094	0.828194
PRJNA666746	DADA2_ASV	g__Leucobacter	50	0	0	0.141895	0.000671589	0.00157225
PRJNA666746	DADA2_ASV	g__Leuconostoc	50	0	0	0.134993	0.000815605	0.00157225
PRJNA666746	DADA2_ASV	g__Leyella	50	0	0	0.233123	0.0043169	0.00677161
PRJNA666746	DADA2_ASV	g__Lichenibacterium	50	0	0	0.141895	9.9154e-05	0.000403338
PRJNA666746	DADA2_ASV	g__Ligilactobacillus	50	0	0	0.109022	0.160017	0.186881
PRJNA666746	DADA2_ASV	g__Limibaculum	50	0	0	0.134993	0.000784737	0.00157225
PRJNA666746	DADA2_ASV	g__Limnobacter	50	0	0	0.141895	0.000136287	0.000499371
PRJNA666746	DADA2_ASV	g__Limosilactobacillus	50	0	0	0.134993	0.00212243	0.00367787
PRJNA666746	DADA2_ASV	g__Litorilinea	50	0	0	0.152114	8.87297e-06	8.87297e-05
PRJNA666746	DADA2_ASV	g__Luteimonas	50	0	0	0.171295	3.63358e-05	0.000276844
PRJNA666746	DADA2_ASV	g__Luteococcus	50	0	0	0.152114	4.42546e-05	0.00030346
PRJNA666746	DADA2_ASV	g__Luteolibacter	50	0	0	0.152114	1.97602e-05	0.000166401
PRJNA666746	DADA2_ASV	g__Lysinibacillus	50	0	0	0.134993	0.00331482	0.00541194
PRJNA666746	DADA2_ASV	g__Lysobacter	50	0	0	0.0473978	0.552667	0.585607
PRJNA666746	DADA2_ASV	g__Mannheimia	50	0	0	0.141895	0.000103814	0.000411826
PRJNA666746	DADA2_ASV	g__Marinobacter	50	0	0	0.110749	0.0175754	0.024242
PRJNA666746	DADA2_ASV	g__Marinococcus	50	0	0	0.134993	0.000784737	0.00157225
PRJNA666746	DADA2_ASV	g__Marmoricola	50	0	0	0.152114	3.2889e-05	0.000254624
PRJNA666746	DADA2_ASV	g__Massilia	50	0	0	0.0473978	0.257124	0.287022
PRJNA666746	DADA2_ASV	g__Mediterraneibacter	50	0	0	0.0888846	0.885886	0.897099
PRJNA666746	DADA2_ASV	g__Megamonas	50	0.00200823	0.00508438	-0.814118	0.00939212	0.0137866
PRJNA666746	DADA2_ASV	g__Megasphaera	50	0.000398899	0.00144115	-0.931012	0.0345308	0.0455351
PRJNA666746	DADA2_ASV	g__Mesobacillus	50	0	0	0.0341317	0.313666	0.342181
PRJNA666746	DADA2_ASV	g__Metabacillus	50	0	0	0.152114	0.00652521	0.00984937
PRJNA666746	DADA2_ASV	g__Methylobacillus	50	0	0	0.152114	7.8612e-05	0.000391488
PRJNA666746	DADA2_ASV	g__Methylobacterium	50	0	0.000148447	-0.142928	0.0607014	0.0766755
PRJNA666746	DADA2_ASV	g__Methylocella	50	0	0	0.134993	0.000754934	0.00157225
PRJNA666746	DADA2_ASV	g__Methylophilus	50	0	0	0.130499	0.0043169	0.00677161
PRJNA666746	DADA2_ASV	g__Methylopila	50	0	0	0.134993	0.000754934	0.00157225
PRJNA666746	DADA2_ASV	g__Methylorubrum	50	0	0	0.130499	0.295473	0.325291
PRJNA666746	DADA2_ASV	g__Microbacterium	50	0	0	0.139186	0.019067	0.026224
PRJNA666746	DADA2_ASV	g__Microcella	50	0	0	0.134993	0.000815605	0.00157225
PRJNA666746	DADA2_ASV	g__Micrococcus	50	0	0	0.184146	0.893447	0.902852
PRJNA666746	DADA2_ASV	g__Micropruina	50	0	0	0.152114	8.87297e-06	8.87297e-05
PRJNA666746	DADA2_ASV	g__Microvirga	50	0	0	0.0888846	0.0788579	0.0975562
PRJNA666746	DADA2_ASV	g__Mobiluncus	50	0	0	0.139186	0.00184253	0.00323962
PRJNA666746	DADA2_ASV	g__Mogibacterium	50	0	0	0.0405512	0.431911	0.462762
PRJNA666746	DADA2_ASV	g__Moraxella	50	0	0	0.0888846	0.954225	0.954225
PRJNA666746	DADA2_ASV	g__Morganella	50	0	0	0.139186	0.000551083	0.00156521
PRJNA666746	DADA2_ASV	g__Moryella	50	0	0	0.152114	0.00153956	0.00275741
PRJNA666746	DADA2_ASV	g__Mucilaginibacter	50	0	0	0.152114	2.82831e-05	0.000222555
PRJNA666746	DADA2_ASV	g__Murdochiella	50	0	0	0.134993	0.000847571	0.00157688
PRJNA666746	DADA2_ASV	g__Muricoccus	50	0	0	0.141895	0.000136287	0.000499371
PRJNA666746	DADA2_ASV	g__Mycobacterium	50	0	0	0.130499	0.00354364	0.0057271
PRJNA666746	DADA2_ASV	g__Mycoplasma	50	0	0	0.0823185	0.347207	0.377912
PRJNA666746	DADA2_ASV	g__Myxosarcina_SAG_30.84	50	0	0	0.130499	0.00632549	0.00957803
PRJNA666746	DADA2_ASV	g__NK4A214_group	50	0	0	0.141895	9.9154e-05	0.000403338
PRJNA666746	DADA2_ASV	g__Nafulsella	50	0	0	0.134993	0.000815605	0.00157225
PRJNA666746	DADA2_ASV	g__Neisseria	50	0.0193873	0.01777	-0.210802	0.774053	0.795601
PRJNA666746	DADA2_ASV	g__Neobacillus	50	0	0	0.152114	1.97602e-05	0.000166401
PRJNA666746	DADA2_ASV	g__Neorhizobium	50	0	0	0.141895	0.000671589	0.00157225
PRJNA666746	DADA2_ASV	g__Nevskia	50	0	0	0.134993	0.00227623	0.0039021
PRJNA666746	DADA2_ASV	g__Nibribacter	50	0	0	0.141895	0.000671589	0.00157225
PRJNA666746	DADA2_ASV	g__Niveispirillum	50	0	0	0.141895	9.04064e-05	0.00039812
PRJNA666746	DADA2_ASV	g__Nocardioides	50	0	0	0.165269	0.00939212	0.0137866
PRJNA666746	DADA2_ASV	g__Noviherbaspirillum	50	0	0	0.0687781	0.863265	0.877897
PRJNA666746	DADA2_ASV	g__Novispirillum	50	0	0	0.152114	7.15565e-05	0.000390308
PRJNA666746	DADA2_ASV	g__Novosphingobium	50	0	0	0.152114	0.00299625	0.00492534
PRJNA666746	DADA2_ASV	g__OLB12	50	0	0	0.152114	8.87297e-06	8.87297e-05
PRJNA666746	DADA2_ASV	g__Oceanobacillus	50	0	0	0.141895	0.000645726	0.00157225
PRJNA666746	DADA2_ASV	g__Odoribacter	50	0	0	0.139186	0.000698391	0.00157225
PRJNA666746	DADA2_ASV	g__Oleiharenicola	50	0	0	0.152114	8.87297e-06	8.87297e-05
PRJNA666746	DADA2_ASV	g__Olsenella	50	0	0	0.0823185	0.611851	0.642644
PRJNA666746	DADA2_ASV	g__Oribacterium	50	0.000624002	0.00128065	-0.279994	0.197635	0.226949
PRJNA666746	DADA2_ASV	g__Ornithinimicrobium	50	0	0	0.152114	0.000298004	0.00101448
PRJNA666746	DADA2_ASV	g__Ornithobacterium	50	0	0	0.152114	8.87297e-06	8.87297e-05
PRJNA666746	DADA2_ASV	g__Oscillibacter	50	0	0	0.171295	0.000298004	0.00101448
PRJNA666746	DADA2_ASV	g__Ottowia	50	0	0	0.171295	1.85997e-06	8.87297e-05
PRJNA666746	DADA2_ASV	g__Paenarthrobacter	50	0	0	0.141895	0.000671589	0.00157225
PRJNA666746	DADA2_ASV	g__Paenibacillus	50	0	0.000300096	-0.84251	0.000432634	0.00135728
PRJNA666746	DADA2_ASV	g__Palleronia-Pseudomaribius	50	0	0	0.152114	5.63962e-05	0.000360936
PRJNA666746	DADA2_ASV	g__Paludibacter	50	0	0	0.152114	8.87297e-06	8.87297e-05
PRJNA666746	DADA2_ASV	g__Paludisphaera	50	0	0	0.134993	0.000847571	0.00157688
PRJNA666746	DADA2_ASV	g__Pantoea	50	0	0	0.152114	5.63962e-05	0.000360936
PRJNA666746	DADA2_ASV	g__Parabacteroides	50	0	0	0.0687781	0.273727	0.303439
PRJNA666746	DADA2_ASV	g__Paracoccus	50	0.000691255	0.000756244	0.285758	0.181255	0.209644
PRJNA666746	DADA2_ASV	g__Paradevosia	50	0	0	0.152114	2.82831e-05	0.000222555
PRJNA666746	DADA2_ASV	g__Parafilimonas	50	0	0	0.152114	8.87297e-06	8.87297e-05
PRJNA666746	DADA2_ASV	g__Paraprevotella	50	0	0	0.189301	0.744896	0.767275
PRJNA666746	DADA2_ASV	g__Parascardovia	50	0	0	0.134993	0.000815605	0.00157225
PRJNA666746	DADA2_ASV	g__Parvimonas	50	0.00109545	0.000888115	0.0827636	0.521025	0.553301
PRJNA666746	DADA2_ASV	g__Paucibacter	50	0	0	0.152114	7.15565e-05	0.000390308
PRJNA666746	DADA2_ASV	g__Pedobacter	50	0	0	0.110749	0.140684	0.165917
PRJNA666746	DADA2_ASV	g__Pelistega	50	0	0	0.141895	0.000108676	0.000417316
PRJNA666746	DADA2_ASV	g__Pelospora	50	0	0	0.134993	0.000847571	0.00157688
PRJNA666746	DADA2_ASV	g__Peptoanaerobacter	50	0	0	0.185186	0.00184253	0.00323962
PRJNA666746	DADA2_ASV	g__Peptococcus	50	0	0	0.0888846	0.282293	0.312213
PRJNA666746	DADA2_ASV	g__Peptoniphilus	50	0	0	0.070381	0.645876	0.673958
PRJNA666746	DADA2_ASV	g__Peptostreptococcus	50	0.00193862	0.00188981	0.22524	0.0723775	0.0897705
PRJNA666746	DADA2_ASV	g__Peredibacter	50	0	0	0.134993	0.000185858	0.000660829
PRJNA666746	DADA2_ASV	g__Peribacillus	50	0	0	0.152114	6.50899e-05	0.000385718
PRJNA666746	DADA2_ASV	g__Phascolarctobacterium	50	0.000109663	0.000218616	0.253034	0.585207	0.617361
PRJNA666746	DADA2_ASV	g__Phaselicystis	50	0	0	0.141895	9.9154e-05	0.000403338
PRJNA666746	DADA2_ASV	g__Phenylobacterium	50	0	0	0.0587326	0.362243	0.393386
PRJNA666746	DADA2_ASV	g__Phocaeicola	50	0	0	0.139186	0.0136869	0.0193227
PRJNA666746	DADA2_ASV	g__Phreatobacter	50	0	0	0.152114	7.8612e-05	0.000391488
PRJNA666746	DADA2_ASV	g__Planifilum	50	0	0	0.152114	6.50899e-05	0.000385718
PRJNA666746	DADA2_ASV	g__Pontibacter	50	0	0	0.152114	0.00204909	0.0035766
PRJNA666746	DADA2_ASV	g__Porphyromonas	50	0.00199038	0.00378319	0.14437	0.901018	0.90859
PRJNA666746	DADA2_ASV	g__Prevotella	50	0.0206631	0.0097472	0.78755	0.0161853	0.0225841
PRJNA666746	DADA2_ASV	g__Prevotellaceae_NK3B31_group	50	0	0	0.141895	9.9154e-05	0.000403338
PRJNA666746	DADA2_ASV	g__Priestia	50	0	0	0.130499	0.0105666	0.0154164
PRJNA666746	DADA2_ASV	g__Propionibacterium	50	0	0	0.134993	0.0268486	0.0360989
PRJNA666746	DADA2_ASV	g__Propionicicella	50	0	0	0.152114	8.87297e-06	8.87297e-05
PRJNA666746	DADA2_ASV	g__Propioniciclava	50	0	0	0.216347	1.36759e-05	0.000131288
PRJNA666746	DADA2_ASV	g__Propionivibrio	50	0	0	0.141895	0.000671589	0.00157225
PRJNA666746	DADA2_ASV	g__Prosthecobacter	50	0	0	0.134993	0.000726163	0.00157225
PRJNA666746	DADA2_ASV	g__Proteiniclasticum	50	0	0	0.141895	0.000162874	0.000587818
PRJNA666746	DADA2_ASV	g__Proteiniphilum	50	0	0	0.134993	0.000815605	0.00157225
PRJNA666746	DADA2_ASV	g__Proteus	50	0	0	0.134993	0.000698391	0.00157225
PRJNA666746	DADA2_ASV	g__Pseudaeromonas	50	0	0	0.152114	8.87297e-06	8.87297e-05
PRJNA666746	DADA2_ASV	g__Pseudidiomarina	50	0	0	0.141895	0.0054056	0.00828974
PRJNA666746	DADA2_ASV	g__Pseudochrobactrum	50	0	0	0.152114	7.8612e-05	0.000391488
PRJNA666746	DADA2_ASV	g__Pseudoleptotrichia	50	0.00135156	0.00149377	0.250119	0.367343	0.396235
PRJNA666746	DADA2_ASV	g__Pseudomonas	50	0.000285342	0.00155788	-1.1359	0.0175754	0.024242
PRJNA666746	DADA2_ASV	g__Pseudonocardia	50	0	0	0.130499	0.00445942	0.00692726
PRJNA666746	DADA2_ASV	g__Pseudoramibacter	50	0	0	0.130499	0.0122133	0.0176579
PRJNA666746	DADA2_ASV	g__Pseudorhodoplanes	50	0	0	0.134993	0.000815605	0.00157225
PRJNA666746	DADA2_ASV	g__Pseudoxanthomonas	50	0	0	0.0888846	0.245131	0.275557
PRJNA666746	DADA2_ASV	g__Psychrobacter	50	0	0	0.134993	0.000698391	0.00157225
PRJNA666746	DADA2_ASV	g__Puia	50	0	0	0.141895	0.000914937	0.00168911
PRJNA666746	DADA2_ASV	g__Pyramidobacter	50	0	0	0.130499	0.0506052	0.0649479
PRJNA666746	DADA2_ASV	g__Qinpengyuania	50	0	0	0.134993	0.000784737	0.00157225
PRJNA666746	DADA2_ASV	g__Qipengyuania	50	0	0	0.165269	0.0046061	0.0071091
PRJNA666746	DADA2_ASV	g__Ralstonia	50	0	0	0.110749	0.0125682	0.0179546
PRJNA666746	DADA2_ASV	g__Ramlibacter	50	0	0	0.0888846	0.11394	0.136387
PRJNA666746	DADA2_ASV	g__Reyranella	50	0	0	0.141895	0.000551083	0.00156521
PRJNA666746	DADA2_ASV	g__Rheinheimera	50	0	0	0.198341	0.000726163	0.00157225
PRJNA666746	DADA2_ASV	g__Rhizobacter	50	0	0	0.152114	5.9167e-05	0.000364105
PRJNA666746	DADA2_ASV	g__Rhizobium	50	0	0	0.130499	0.0678037	0.0845345
PRJNA666746	DADA2_ASV	g__Rhizorhabdus	50	0	0	0.130499	0.00417845	0.00664124
PRJNA666746	DADA2_ASV	g__Rhodococcus	50	0	0	0.242348	2.1499e-07	5.15977e-05
PRJNA666746	DADA2_ASV	g__Rhodocytophaga	50	0	0	0.152114	6.20632e-05	0.000377093
PRJNA666746	DADA2_ASV	g__Rhodovarius	50	0	0	0.152114	7.51849e-06	8.87297e-05
PRJNA666746	DADA2_ASV	g__Rikenellaceae_RC9_gut_group	50	0	0	0.130499	0.140684	0.165917
PRJNA666746	DADA2_ASV	g__Romboutsia	50	0	0	0.134993	0.000847571	0.00157688
PRJNA666746	DADA2_ASV	g__Roseateles	50	0	0	0.134993	0.0013801	0.0024998
PRJNA666746	DADA2_ASV	g__Roseburia	50	0.00144402	0.00438286	-0.790372	0.0133048	0.0188944
PRJNA666746	DADA2_ASV	g__Roseimarinus	50	0	0	0.152114	8.87297e-06	8.87297e-05
PRJNA666746	DADA2_ASV	g__Roseomonas	50	0	0	0.152114	0.0255001	0.0345764
PRJNA666746	DADA2_ASV	g__Rossellomorea	50	0	0	0.134993	0.000847571	0.00157688
PRJNA666746	DADA2_ASV	g__Rothia	50	0.00141556	0.00630268	-0.411597	0.143333	0.168214
PRJNA666746	DADA2_ASV	g__Rubellimicrobium	50	0	0	0.152114	0.000367117	0.00122372
PRJNA666746	DADA2_ASV	g__Rubritepida	50	0	0	0.134993	0.000815605	0.00157225
PRJNA666746	DADA2_ASV	g__Rubrobacter	50	0	0	0.130499	0.00784437	0.0116935
PRJNA666746	DADA2_ASV	g__Rufibacter	50	0	0	0.141895	0.00235681	0.00401159
PRJNA666746	DADA2_ASV	g__Ruminococcus	50	0	0	0.152114	6.82525e-05	0.000390308
PRJNA666746	DADA2_ASV	g__Ruthenibacterium	50	0	0	0.152114	5.63962e-05	0.000360936
PRJNA666746	DADA2_ASV	g__S5-A14a	50	0	0	0.152114	5.63962e-05	0.000360936
PRJNA666746	DADA2_ASV	g__SKP-2	50	0	0	0.152114	8.87297e-06	8.87297e-05
PRJNA666746	DADA2_ASV	g__SM1A02	50	0	0	0.141895	0.000573477	0.00157225
PRJNA666746	DADA2_ASV	g__Saccharofermentans	50	0	0	0.152114	8.87297e-06	8.87297e-05
PRJNA666746	DADA2_ASV	g__Saccharopolyspora	50	0	0	0.141895	0.00557949	0.00850208
PRJNA666746	DADA2_ASV	g__Salinicoccus	50	0	0	0.141895	0.000108676	0.000417316
PRJNA666746	DADA2_ASV	g__Scardovia	50	0	0	0.152114	0.15714	0.183969
PRJNA666746	DADA2_ASV	g__Schaalia	50	0.00238147	0.00507949	-0.558223	0.197635	0.226949
PRJNA666746	DADA2_ASV	g__Schinkia	50	0	0	0.141895	0.00235681	0.00401159
PRJNA666746	DADA2_ASV	g__Sediminibacterium	50	0	0	0.134993	0.000815605	0.00157225
PRJNA666746	DADA2_ASV	g__Segatella	50	0.00414864	0.00608858	0.0839104	0.639009	0.668245
PRJNA666746	DADA2_ASV	g__Selenomonas	50	0.0042031	0.00455258	0.0888846	0.598463	0.629961
PRJNA666746	DADA2_ASV	g__Senegalimassilia	50	0	0	0.240471	0.0517862	0.0662864
PRJNA666746	DADA2_ASV	g__Serinicoccus	50	0	0	0.130499	0.0043169	0.00677161
PRJNA666746	DADA2_ASV	g__Serratia	50	0.0185393	0.0748346	-1.38543	2.00396e-07	5.15977e-05
PRJNA666746	DADA2_ASV	g__Shewanella	50	0	0	0.141895	0.000698391	0.00157225
PRJNA666746	DADA2_ASV	g__Shinella	50	0	0	0.141895	0.000671589	0.00157225
PRJNA666746	DADA2_ASV	g__Shuttleworthia	50	0	0	0.130499	0.0362699	0.0475671
PRJNA666746	DADA2_ASV	g__Skermanella	50	0	0	0.134993	0.00227623	0.0039021
PRJNA666746	DADA2_ASV	g__Slackia	50	0	0	0.225526	0.000469247	0.00145315
PRJNA666746	DADA2_ASV	g__Sneathia	50	0	0	0.152114	0.000432634	0.00135728
PRJNA666746	DADA2_ASV	g__Solitalea	50	0	0	0.152114	8.87297e-06	8.87297e-05
PRJNA666746	DADA2_ASV	g__Solobacterium	50	0.000462956	0.000225103	0.0888846	0.313666	0.342181
PRJNA666746	DADA2_ASV	g__Sphaerochaeta	50	0	0	0.130499	0.00417845	0.00664124
PRJNA666746	DADA2_ASV	g__Sphingobacterium	50	0	0	0.141895	0.000551083	0.00156521
PRJNA666746	DADA2_ASV	g__Sphingobium	50	0	0	0.134993	0.0125682	0.0179546
PRJNA666746	DADA2_ASV	g__Sphingomonas	50	0	0	0.108577	0.723259	0.748199
PRJNA666746	DADA2_ASV	g__Staphylococcus	50	0.00040996	0.001105	-1.11769	0.026167	0.0353807
PRJNA666746	DADA2_ASV	g__Stenotrophomonas	50	0	0	0.0687781	0.46061	0.491318
PRJNA666746	DADA2_ASV	g__Stomatobaculum	50	0	0	0.119436	0.299955	0.328717
PRJNA666746	DADA2_ASV	g__Streptobacillus	50	0	0	0.171295	0.000784737	0.00157225
PRJNA666746	DADA2_ASV	g__Streptococcus	50	0.0773818	0.120072	-0.230092	0.222315	0.251085
PRJNA666746	DADA2_ASV	g__Succiniclasticum	50	0	0	0.134993	0.000671589	0.00157225
PRJNA666746	DADA2_ASV	g__Succinivibrio	50	0	0	0.102456	0.781393	0.801429
PRJNA666746	DADA2_ASV	g__Sutterella	50	0.000213036	0.000773009	-0.34878	0.143333	0.168214
PRJNA666746	DADA2_ASV	g__TM7a	50	0	0	0.152114	0.000211787	0.000747484
PRJNA666746	DADA2_ASV	g__TM7x	50	0	0	0.0341317	0.257124	0.287022
PRJNA666746	DADA2_ASV	g__Tannerella	50	0	0	0.185186	0.0542162	0.0692121
PRJNA666746	DADA2_ASV	g__Tautonia	50	0	0	0.141895	8.23756e-05	0.000391488
PRJNA666746	DADA2_ASV	g__Tepidicella	50	0	0	0.141895	9.04064e-05	0.00039812
PRJNA666746	DADA2_ASV	g__Terrimonas	50	0	0	0.141895	0.000573477	0.00157225
PRJNA666746	DADA2_ASV	g__Tessaracoccus	50	0	0	0.141895	7.15565e-05	0.000390308
PRJNA666746	DADA2_ASV	g__Tetrasphaera	50	0	0	0.141895	0.000103814	0.000411826
PRJNA666746	DADA2_ASV	g__Thauera	50	0	0	0.152114	0.000382585	0.00126649
PRJNA666746	DADA2_ASV	g__Thermomonas	50	0	0	0.152114	0.000398648	0.00130171
PRJNA666746	DADA2_ASV	g__Thermus	50	0	0	0.134993	0.000698391	0.00157225
PRJNA666746	DADA2_ASV	g__Thioclava	50	0	0	0.134993	0.000671589	0.00157225
PRJNA666746	DADA2_ASV	g__Thomasclavelia	50	0	0	0.130499	0.00911696	0.013465
PRJNA666746	DADA2_ASV	g__Treponema	50	0	0.000107746	0.152114	0.261209	0.290905
PRJNA666746	DADA2_ASV	g__Truepera	50	0	0	0.134993	0.000815605	0.00157225
PRJNA666746	DADA2_ASV	g__Tsuneonella	50	0	0	0.134993	0.000754934	0.00157225
PRJNA666746	DADA2_ASV	g__Tumebacillus	50	0	0	0.134993	0.000754934	0.00157225
PRJNA666746	DADA2_ASV	g__Tyzzerella	50	0	0	0.0827636	0.840754	0.856819
PRJNA666746	DADA2_ASV	g__UBA12409	50	0	0	0.134993	0.000847571	0.00157688
PRJNA666746	DADA2_ASV	g__UCG-002	50	0	0	0.152114	0.000352222	0.00118228
PRJNA666746	DADA2_ASV	g__UCG-003	50	0	0	0.141895	9.9154e-05	0.000403338
PRJNA666746	DADA2_ASV	g__UCG-004	50	0	0	0.134993	0.000620771	0.00157225
PRJNA666746	DADA2_ASV	g__UCG-005	50	0	0	0.141895	0.00190921	0.00334459
PRJNA666746	DADA2_ASV	g__Uliginosibacterium	50	0	0	0.152114	8.87297e-06	8.87297e-05
PRJNA666746	DADA2_ASV	g__Ureaplasma	50	0	0	0.141895	9.04064e-05	0.00039812
PRJNA666746	DADA2_ASV	g__Vampirovibrio	50	0	0	0.152114	5.9167e-05	0.000364105
PRJNA666746	DADA2_ASV	g__Varibaculum	50	0	0	0.152114	0.000324077	0.00109547
PRJNA666746	DADA2_ASV	g__Variovorax	50	0	0	0.152114	8.87297e-06	8.87297e-05
PRJNA666746	DADA2_ASV	g__Veillonella	50	0.00950252	0.0154802	-0.275388	0.0951333	0.115898
PRJNA666746	DADA2_ASV	g__Verruc-01	50	0	0	0.134993	0.000847571	0.00157688
PRJNA666746	DADA2_ASV	g__Verticiella	50	0	0	0.141895	0.000508667	0.00151652
PRJNA666746	DADA2_ASV	g__Vibrio	50	0	0	0.141895	0.000529488	0.00154972
PRJNA666746	DADA2_ASV	g__Vulcaniibacterium	50	0	0	0.151012	0.0255001	0.0345764
PRJNA666746	DADA2_ASV	g__W5053	50	0	0	0.141895	0.00760945	0.0113786
PRJNA666746	DADA2_ASV	g__Weissella	50	0	0	0.152114	4.87871e-05	0.000329828
PRJNA666746	DADA2_ASV	g__Xanthobacter	50	0	0	0.141895	0.000529488	0.00154972
PRJNA666746	DADA2_ASV	g__Xylanibacter	50	0	0	0.110749	0.0450275	0.0582566
PRJNA666746	DADA2_ASV	g__Zoogloea	50	0	0	0.141895	0.000103814	0.000411826
PRJNA666746	DADA2_ASV	g__[Clostridium]_innocuum_group	50	0	0	0.152114	0.0016549	0.00295297
PRJNA666746	DADA2_ASV	g__[Eubacterium]_brachy_group	50	0	0	0.0910573	0.211485	0.240552
PRJNA666746	DADA2_ASV	g__[Eubacterium]_eligens_group	50	0	0.000234874	-0.104243	0.291035	0.321142
PRJNA666746	DADA2_ASV	g__[Eubacterium]_saphenum_group	50	0	0	0.0888846	0.105255	0.12694
PRJNA666746	DADA2_ASV	g__[Eubacterium]_sulci_group	50	0	0	0.0823185	0.694746	0.721814
PRJNA666746	DADA2_ASV	g__[Eubacterium]_xylanophilum_group	50	0	0	0.141895	0.000645726	0.00157225
PRJNA666746	DADA2_ASV	g__[Eubacterium]_yurii_group	50	0	0	0.139186	0.0567387	0.0720491
PRJNA666746	DADA2_ASV	g__[Polyangium]_brachysporum_group	50	0	0	0.134993	0.000815605	0.00157225
PRJNA666746	DADA2_ASV	g__[Ruminococcus]_gnavus_group	50	0	0	0.110749	0.299955	0.328717
PRJNA822685	DADA2_ASV	Unclassified	56	0	0	0.101236	0.00408795	0.0388238
PRJNA822685	DADA2_ASV	g__Abiotrophia	56	0	0	0.0649226	0.183649	0.223939
PRJNA822685	DADA2_ASV	g__Acholeplasma	56	0	0	0.0745992	0.0689069	0.0986152
PRJNA822685	DADA2_ASV	g__Achromobacter	56	0	0	0.0552958	0.263772	0.306027
PRJNA822685	DADA2_ASV	g__Acidiferrimicrobium	56	0	0	0.0836352	0.0154076	0.0388238
PRJNA822685	DADA2_ASV	g__Acidocella	56	0	0	0.0836352	0.0192279	0.0425506
PRJNA822685	DADA2_ASV	g__Acidovorax	56	0	0	0.0836352	0.0228564	0.0462939
PRJNA822685	DADA2_ASV	g__Acinetobacter	56	0	0	0.0912239	0.178329	0.218567
PRJNA822685	DADA2_ASV	g__Actinobacillus	56	0	0	0.0580825	0.787788	0.811558
PRJNA822685	DADA2_ASV	g__Actinomyces	56	0	0	-0.110756	0.0104274	0.0388238
PRJNA822685	DADA2_ASV	g__Aeriscardovia	56	0	0	0.0836352	0.0339351	0.0623884
PRJNA822685	DADA2_ASV	g__Aerococcus	56	0	0	0.0836352	0.012272	0.0388238
PRJNA822685	DADA2_ASV	g__Aeromonas	56	0	0	0.0912239	0.00842022	0.0388238
PRJNA822685	DADA2_ASV	g__Aggregatibacter	56	0	0	0.0062087	0.472866	0.523218
PRJNA822685	DADA2_ASV	g__Akkermansia	56	0	0	0.0836352	0.015757	0.0388238
PRJNA822685	DADA2_ASV	g__Alistipes	56	0	0	0.0836352	0.015757	0.0388238
PRJNA822685	DADA2_ASV	g__Alloprevotella	56	0	0.00213146	-0.150058	0.00453026	0.0388238
PRJNA822685	DADA2_ASV	g__Alloscardovia	56	0	0	0.0836352	0.015757	0.0388238
PRJNA822685	DADA2_ASV	g__Alysiella	56	0	0	0.111517	0.00275662	0.0388238
PRJNA822685	DADA2_ASV	g__Aminipila	56	0	0	0.0718125	0.189085	0.228239
PRJNA822685	DADA2_ASV	g__Anaerobutyricum	56	0	0	0.0836352	0.015757	0.0388238
PRJNA822685	DADA2_ASV	g__Anaerococcus	56	0	0	0.0745992	0.0552488	0.0810089
PRJNA822685	DADA2_ASV	g__Anaeroglobus	56	0	0	0.0552958	0.601633	0.653592
PRJNA822685	DADA2_ASV	g__Anaerostipes	56	0	0	0.0836352	0.015757	0.0388238
PRJNA822685	DADA2_ASV	g__Anaerovorax	56	0	0	0.0745992	0.0439256	0.0724015
PRJNA822685	DADA2_ASV	g__Atopobium	56	0	0	0.0912239	0.00612935	0.0388238
PRJNA822685	DADA2_ASV	g__Azospirillum	56	0	0	0.0745992	0.053208	0.0784982
PRJNA822685	DADA2_ASV	g__Bacillus	56	0	0	0.0836352	0.0147293	0.0388238
PRJNA822685	DADA2_ASV	g__Bacteroides	56	0	0	0.0535189	0.781518	0.808584
PRJNA822685	DADA2_ASV	g__Bergeyella	56	0.00015024	0	0.0062087	0.993492	0.993492
PRJNA822685	DADA2_ASV	g__Bifidobacterium	56	0	0	0.0836352	0.0238515	0.0479035
PRJNA822685	DADA2_ASV	g__Bilophila	56	0	0	0.0836352	0.015757	0.0388238
PRJNA822685	DADA2_ASV	g__Blautia	56	0	0	0.0836352	0.015757	0.0388238
PRJNA822685	DADA2_ASV	g__Blvii28_wastewater-sludge_group	56	0	0	0.111517	0.00822004	0.0388238
PRJNA822685	DADA2_ASV	g__Brachymonas	56	0	0	0.0745992	0.0502652	0.0755559
PRJNA822685	DADA2_ASV	g__Bradyrhizobium	56	0	0	0.0745992	0.0398225	0.068968
PRJNA822685	DADA2_ASV	g__Brevibacterium	56	0	0	0.0836352	0.015757	0.0388238
PRJNA822685	DADA2_ASV	g__Brevundimonas	56	0	0	0.0836352	0.0223725	0.0457011
PRJNA822685	DADA2_ASV	g__Brucella	56	0	0	0.0745992	0.0502652	0.0755559
PRJNA822685	DADA2_ASV	g__Bryobacter	56	0	0	0.0836352	0.0154076	0.0388238
PRJNA822685	DADA2_ASV	g__Bulleidia	56	0	0	0.0552958	0.133381	0.17047
PRJNA822685	DADA2_ASV	g__Burkholderia-Caballeronia-Paraburkholderia	56	0	0	0.0836352	0.015757	0.0388238
PRJNA822685	DADA2_ASV	g__Butyrivibrio	56	0	0	0.0836352	0.0332543	0.0623884
PRJNA822685	DADA2_ASV	g__Campylobacter	56	0.0104748	0.00779967	0.342204	0.00883369	0.0388238
PRJNA822685	DADA2_ASV	g__Candidatus_Cardinium	56	0	0	0.0745992	0.0406161	0.0693374
PRJNA822685	DADA2_ASV	g__Candidatus_Saccharimonas	56	0	0	0.0319663	0.695398	0.728948
PRJNA822685	DADA2_ASV	g__Capnocytophaga	56	0.018718	0.0155398	-0.0185043	0.641965	0.681909
PRJNA822685	DADA2_ASV	g__Cardiobacterium	56	0	0	0.0062087	0.203194	0.240412
PRJNA822685	DADA2_ASV	g__Catonella	56	0.00423803	0.00161017	0.579665	0.00107171	0.0182957
PRJNA822685	DADA2_ASV	g__Caulobacter	56	0	0	0.0836352	0.015757	0.0388238
PRJNA822685	DADA2_ASV	g__Christensenellaceae_R-7_group	56	0	0	0.0836352	0.0306469	0.0585969
PRJNA822685	DADA2_ASV	g__Chryseobacterium	56	0	0	0.0912239	0.00453026	0.0388238
PRJNA822685	DADA2_ASV	g__Cloacibacterium	56	0	0	0.0836352	0.0382748	0.0677606
PRJNA822685	DADA2_ASV	g__Comamonas	56	0	0	-0.0380944	0.053208	0.0784982
PRJNA822685	DADA2_ASV	g__Coprococcus	56	0	0	0.0836352	0.015757	0.0388238
PRJNA822685	DADA2_ASV	g__Corynebacterium	56	0	0	-0.0319494	0.123149	0.159095
PRJNA822685	DADA2_ASV	g__Coxiella	56	0	0	0.0912239	0.0099478	0.0388238
PRJNA822685	DADA2_ASV	g__Cryptobacterium	56	0	0	0.0836352	0.0184035	0.0420188
PRJNA822685	DADA2_ASV	g__Cupriavidus	56	0	0	0.0552958	0.365234	0.413701
PRJNA822685	DADA2_ASV	g__Defluviitaleaceae_UCG-011	56	0	0	-0.062391	0.750389	0.779752
PRJNA822685	DADA2_ASV	g__Deinococcus	56	0	0	0.0836352	0.015757	0.0388238
PRJNA822685	DADA2_ASV	g__Desulfobulbus	56	0	0	0.0745992	0.0740343	0.104699
PRJNA822685	DADA2_ASV	g__Desulfomicrobium	56	0	0	0.0552958	0.246739	0.287662
PRJNA822685	DADA2_ASV	g__Desulfovibrio	56	0	0	0.0745992	0.0652559	0.0939527
PRJNA822685	DADA2_ASV	g__Dialister	56	0.00141439	0	0.0893742	0.121178	0.15826
PRJNA822685	DADA2_ASV	g__Dietzia	56	0	0	0.0745992	0.0375203	0.0669206
PRJNA822685	DADA2_ASV	g__Dolosigranulum	56	0	0	0.0836352	0.015757	0.0388238
PRJNA822685	DADA2_ASV	g__Dubosiella	56	0	0	0.0836352	0.0223725	0.0457011
PRJNA822685	DADA2_ASV	g__Dyella	56	0	0	0.0767453	0.0439256	0.0724015
PRJNA822685	DADA2_ASV	g__Eggerthia	56	0	0	0.0912239	0.00904716	0.0388238
PRJNA822685	DADA2_ASV	g__Eikenella	56	0	0	0.0890778	0.108066	0.143488
PRJNA822685	DADA2_ASV	g__Elizabethkingia	56	0	0	0.0649226	0.111693	0.147484
PRJNA822685	DADA2_ASV	g__Enhydrobacter	56	0	0	0.0912239	0.0101851	0.0388238
PRJNA822685	DADA2_ASV	g__Enterobacter	56	0	0	0.0890778	0.0319278	0.0605615
PRJNA822685	DADA2_ASV	g__Enterocloster	56	0	0	0.0836352	0.015757	0.0388238
PRJNA822685	DADA2_ASV	g__Enterococcus	56	0	0	0.0836352	0.015757	0.0388238
PRJNA822685	DADA2_ASV	g__Erysipelotrichaceae_UCG-006	56	0	0	0.0649226	0.170565	0.210129
PRJNA822685	DADA2_ASV	g__Erythrobacter	56	0	0	0.0912239	0.00783242	0.0388238
PRJNA822685	DADA2_ASV	g__Escherichia-Shigella	56	0	0	0.0319663	0.630326	0.672535
PRJNA822685	DADA2_ASV	g__F0058	56	0	0	-0.264529	0.000206056	0.0077474
PRJNA822685	DADA2_ASV	g__F0332	56	0	0	0.0649226	0.115414	0.15156
PRJNA822685	DADA2_ASV	g__Faecalibacterium	56	0	0	0.0836352	0.015757	0.0388238
PRJNA822685	DADA2_ASV	g__Family_XIII_AD3011_group	56	0	0	0.0836352	0.0223725	0.0457011
PRJNA822685	DADA2_ASV	g__Family_XIII_UCG-001	56	0	0	0.131243	0.00693405	0.0388238
PRJNA822685	DADA2_ASV	g__Fannyhessea	56	0	0	0.0836352	0.0125579	0.0388238
PRJNA822685	DADA2_ASV	g__Filifactor	56	0.00102749	0	0.196616	0.00926521	0.0388238
PRJNA822685	DADA2_ASV	g__Finegoldia	56	0	0	0.0912239	0.0131473	0.0388238
PRJNA822685	DADA2_ASV	g__Flavobacterium	56	0	0	0.0745992	0.344035	0.391545
PRJNA822685	DADA2_ASV	g__Flexilinea	56	0	0	0.0836352	0.012272	0.0388238
PRJNA822685	DADA2_ASV	g__Fluviicola	56	0	0	0.0745992	0.041423	0.069719
PRJNA822685	DADA2_ASV	g__Fretibacterium	56	0	0	0.0257107	0.618779	0.666163
PRJNA822685	DADA2_ASV	g__Fuscovulum	56	0	0	0.0745992	0.0390422	0.0686108
PRJNA822685	DADA2_ASV	g__Fusobacterium	56	0.0594198	0.0245553	1.09545	0.00035318	0.0093789
PRJNA822685	DADA2_ASV	g__GOUTA6	56	0	0	0.0836352	0.0188118	0.0420188
PRJNA822685	DADA2_ASV	g__Gardnerella	56	0	0	0.0745992	0.0502652	0.0755559
PRJNA822685	DADA2_ASV	g__Gemella	56	0.0122015	0.00924904	0.27223	0.148794	0.187167
PRJNA822685	DADA2_ASV	g__Gemmiger	56	0	0	0.0836352	0.015757	0.0388238
PRJNA822685	DADA2_ASV	g__Gordonia	56	0	0	0.0836352	0.0188118	0.0420188
PRJNA822685	DADA2_ASV	g__Granulicatella	56	0.00178738	0.0127049	-1.44941	3.84395e-08	9.18705e-06
PRJNA822685	DADA2_ASV	g__Haemophilus	56	0.00881734	0.0316438	-0.195998	0.123149	0.159095
PRJNA822685	DADA2_ASV	g__Halomonas	56	0	0	0.0411789	0.624541	0.669351
PRJNA822685	DADA2_ASV	g__Hornefia	56	0	0	0.0257107	0.83841	0.86
PRJNA822685	DADA2_ASV	g__Howardella	56	0	0	0.0767453	0.0867148	0.119797
PRJNA822685	DADA2_ASV	g__Hoylesella	56	0.00279728	0.00796697	-0.545541	0.00926521	0.0388238
PRJNA822685	DADA2_ASV	g__Hyphomicrobium	56	0	0	0.0836352	0.015757	0.0388238
PRJNA822685	DADA2_ASV	g__Incertae_Sedis	56	0.018484	0.0231885	0.171714	0.137653	0.174069
PRJNA822685	DADA2_ASV	g__Insolitispirillum	56	0	0	0.0745992	0.04746	0.0755559
PRJNA822685	DADA2_ASV	g__Intestinibacter	56	0	0	0.0836352	0.015757	0.0388238
PRJNA822685	DADA2_ASV	g__Janibacter	56	0	0	0.0836352	0.0188118	0.0420188
PRJNA822685	DADA2_ASV	g__Johnsonella	56	0.000594014	0	0.168711	0.028217	0.0552776
PRJNA822685	DADA2_ASV	g__Kingella	56	0	0	0.0552958	0.84479	0.862841
PRJNA822685	DADA2_ASV	g__Klebsiella	56	0	0	0.0745992	0.200312	0.239373
PRJNA822685	DADA2_ASV	g__Lachnoanaerobaculum	56	0.0032659	0.00418376	0.104045	0.677402	0.713212
PRJNA822685	DADA2_ASV	g__Lachnospira	56	0	0	0.0836352	0.015757	0.0388238
PRJNA822685	DADA2_ASV	g__Lachnospiraceae_NK3A20_group	56	0	0	0.0745992	0.0439256	0.0724015
PRJNA822685	DADA2_ASV	g__Lachnospiraceae_UCG-004	56	0	0	0.0836352	0.015757	0.0388238
PRJNA822685	DADA2_ASV	g__Lacticaseibacillus	56	0	0	0.0580825	0.203194	0.240412
PRJNA822685	DADA2_ASV	g__Lactobacillus	56	0	0	0.0912239	0.227336	0.26634
PRJNA822685	DADA2_ASV	g__Lancefieldella	56	0	0	0.0180071	0.488089	0.537572
PRJNA822685	DADA2_ASV	g__Lautropia	56	0	0	-0.110711	0.00904716	0.0388238
PRJNA822685	DADA2_ASV	g__Lawsonella	56	0	0	0.0649226	0.168034	0.208084
PRJNA822685	DADA2_ASV	g__Legionella	56	0	0	0.0912239	0.0406161	0.0693374
PRJNA822685	DADA2_ASV	g__Leifsonia	56	0	0	0.0745992	0.04746	0.0755559
PRJNA822685	DADA2_ASV	g__Lentimicrobium	56	0	0	0.228575	0.00568789	0.0388238
PRJNA822685	DADA2_ASV	g__Leptotrichia	56	0	0	0.0773878	0.224211	0.263973
PRJNA822685	DADA2_ASV	g__Leucobacter	56	0	0	0.0745992	0.0913121	0.124706
PRJNA822685	DADA2_ASV	g__Ligilactobacillus	56	0	0	0.0319663	0.665505	0.703786
PRJNA822685	DADA2_ASV	g__Limnohabitans	56	0	0	0.0745992	0.041423	0.069719
PRJNA822685	DADA2_ASV	g__Limosilactobacillus	56	0	0	0.0745992	0.391725	0.435452
PRJNA822685	DADA2_ASV	g__Listeria	56	0	0	0.0836352	0.015757	0.0388238
PRJNA822685	DADA2_ASV	g__Luteimonas	56	0	0	0.0836352	0.015757	0.0388238
PRJNA822685	DADA2_ASV	g__Lysinibacillus	56	0	0	0.0836352	0.0188118	0.0420188
PRJNA822685	DADA2_ASV	g__Mediterraneibacter	56	0	0	0.0836352	0.015757	0.0388238
PRJNA822685	DADA2_ASV	g__Megamonas	56	0	0	0.0912239	0.00612935	0.0388238
PRJNA822685	DADA2_ASV	g__Megasphaera	56	0	0	-0.0879962	0.0502652	0.0755559
PRJNA822685	DADA2_ASV	g__Mesomycoplasma	56	0	0	0.0912239	0.00842022	0.0388238
PRJNA822685	DADA2_ASV	g__Methylophilus	56	0	0	0.0649226	0.129212	0.16603
PRJNA822685	DADA2_ASV	g__Methylorubrum	56	0	0	0.0912239	0.00862474	0.0388238
PRJNA822685	DADA2_ASV	g__Methyloversatilis	56	0	0	0.0836352	0.015757	0.0388238
PRJNA822685	DADA2_ASV	g__Mobiluncus	56	0	0	0.0649226	0.0823062	0.114367
PRJNA822685	DADA2_ASV	g__Mogibacterium	56	0	0	-0.114186	0.498382	0.546391
PRJNA822685	DADA2_ASV	g__Moraxella	56	0	0	0.0745992	0.0502652	0.0755559
PRJNA822685	DADA2_ASV	g__Morganella	56	0	0	0.0836352	0.0223725	0.0457011
PRJNA822685	DADA2_ASV	g__Mycobacterium	56	0	0	0.0836352	0.0300232	0.0578673
PRJNA822685	DADA2_ASV	g__Mycoplasma	56	0	0	0.116315	0.0977445	0.131983
PRJNA822685	DADA2_ASV	g__Mycoplasmopsis	56	0	0	0.0912239	0.0101851	0.0388238
PRJNA822685	DADA2_ASV	g__Neisseria	56	0.0115366	0.0607508	-1.54903	0.000480798	0.0114911
PRJNA822685	DADA2_ASV	g__Neobacillus	56	0	0	0.0912239	0.00842022	0.0388238
PRJNA822685	DADA2_ASV	g__Niabella	56	0	0	0.0836352	0.0188118	0.0420188
PRJNA822685	DADA2_ASV	g__Nitrosomonas	56	0	0	0.0836352	0.0300232	0.0578673
PRJNA822685	DADA2_ASV	g__Novosphingobium	56	0	0	0.0745992	0.0701606	0.0998117
PRJNA822685	DADA2_ASV	g__Nubsella	56	0	0	0.0836352	0.0360493	0.0647804
PRJNA822685	DADA2_ASV	g__Odoribacter	56	0	0	0.0257107	0.915549	0.923275
PRJNA822685	DADA2_ASV	g__Olsenella	56	0	0	0.0649226	0.151103	0.189076
PRJNA822685	DADA2_ASV	g__Opitutus	56	0	0	0.0836352	0.015757	0.0388238
PRJNA822685	DADA2_ASV	g__Oribacterium	56	0.000378425	0.00287601	-0.427163	0.00822004	0.0388238
PRJNA822685	DADA2_ASV	g__Ottowia	56	0	0	0.0745992	0.0502652	0.0755559
PRJNA822685	DADA2_ASV	g__Parabacteroides	56	0	0	0.0836352	0.0223725	0.0457011
PRJNA822685	DADA2_ASV	g__Paracoccus	56	0	0	0.0912239	0.012272	0.0388238
PRJNA822685	DADA2_ASV	g__Parascardovia	56	0	0	0.0745992	0.0502652	0.0755559
PRJNA822685	DADA2_ASV	g__Parasutterella	56	0	0	0.0836352	0.0223725	0.0457011
PRJNA822685	DADA2_ASV	g__Parvimonas	56	0.0135305	0.00600052	0.574548	0.00464741	0.0388238
PRJNA822685	DADA2_ASV	g__Paucibacter	56	0	0	0.0912239	0.00783242	0.0388238
PRJNA822685	DADA2_ASV	g__Pelosinus	56	0	0	0.0745992	0.04746	0.0755559
PRJNA822685	DADA2_ASV	g__Pelospora	56	0	0	0.0767453	0.0753637	0.105953
PRJNA822685	DADA2_ASV	g__Peptoanaerobacter	56	0	0	0.174238	0.000139328	0.00665987
PRJNA822685	DADA2_ASV	g__Peptococcus	56	0.00193724	0	0.309857	0.000954454	0.0180647
PRJNA822685	DADA2_ASV	g__Peptoniphilus	56	0	0	0.101236	0.0200843	0.0440381
PRJNA822685	DADA2_ASV	g__Peptostreptococcus	56	0.00861532	0.00576398	0.815421	0.0009826	0.0180647
PRJNA822685	DADA2_ASV	g__Phaselicystis	56	0	0	0.0836352	0.015757	0.0388238
PRJNA822685	DADA2_ASV	g__Phocaeicola	56	0	0	-0.0242329	0.200312	0.239373
PRJNA822685	DADA2_ASV	g__Plesiomonas	56	0	0	0.0836352	0.0223725	0.0457011
PRJNA822685	DADA2_ASV	g__Polynucleobacter	56	0	0	0.0912239	0.00842022	0.0388238
PRJNA822685	DADA2_ASV	g__Porphyromonas	56	0.0230838	0.0393807	-0.139703	0.288953	0.333622
PRJNA822685	DADA2_ASV	g__Prevotella	56	0.0232619	0.0425525	-0.325146	0.168034	0.208084
PRJNA822685	DADA2_ASV	g__Prosthecobacter	56	0	0	0.0836352	0.015757	0.0388238
PRJNA822685	DADA2_ASV	g__Proteiniphilum	56	0	0	0.0836352	0.0346277	0.0631758
PRJNA822685	DADA2_ASV	g__Pseudaeromonas	56	0	0	0.0836352	0.0360493	0.0647804
PRJNA822685	DADA2_ASV	g__Pseudoleptotrichia	56	0	0	0.0649226	0.378337	0.424519
PRJNA822685	DADA2_ASV	g__Pseudolysobacter	56	0	0	0.0836352	0.0188118	0.0420188
PRJNA822685	DADA2_ASV	g__Pseudomonas	56	0	0	0.131174	0.000612596	0.01331
PRJNA822685	DADA2_ASV	g__Pseudoprevotella	56	0	0	0.0836352	0.015757	0.0388238
PRJNA822685	DADA2_ASV	g__Pseudoramibacter	56	0	0	0.0912239	0.025955	0.0516938
PRJNA822685	DADA2_ASV	g__Pseudoxanthomonas	56	0	0	0.0912239	0.0117175	0.0388238
PRJNA822685	DADA2_ASV	g__Pyramidobacter	56	0	0	0.0745992	0.137653	0.174069
PRJNA822685	DADA2_ASV	g__Ralstonia	56	0	0	0.0912239	0.0493151	0.0755559
PRJNA822685	DADA2_ASV	g__Rhizorhabdus	56	0	0	0.0836352	0.0339351	0.0623884
PRJNA822685	DADA2_ASV	g__Rhodanobacter	56	0	0	0.0745992	0.04746	0.0755559
PRJNA822685	DADA2_ASV	g__Rhodoluna	56	0	0	0.0836352	0.015757	0.0388238
PRJNA822685	DADA2_ASV	g__Rikenellaceae_RC9_gut_group	56	0	0	0.0649226	0.327654	0.374686
PRJNA822685	DADA2_ASV	g__Romboutsia	56	0	0	0.0745992	0.0562933	0.0820373
PRJNA822685	DADA2_ASV	g__Roseburia	56	0	0	0.101236	0.0067659	0.0388238
PRJNA822685	DADA2_ASV	g__Roseimarinus	56	0	0	0.0836352	0.015757	0.0388238
PRJNA822685	DADA2_ASV	g__Roseomonas	56	0	0	0.0745992	0.0398225	0.068968
PRJNA822685	DADA2_ASV	g__Rothia	56	0	0.00376733	-0.774512	6.8725e-05	0.00410632
PRJNA822685	DADA2_ASV	g__Ruminococcus	56	0	0	0.0836352	0.015757	0.0388238
PRJNA822685	DADA2_ASV	g__Ruthenibacterium	56	0	0	0.0836352	0.015757	0.0388238
PRJNA822685	DADA2_ASV	g__SH3-11	56	0	0	0.0836352	0.015757	0.0388238
PRJNA822685	DADA2_ASV	g__Scardovia	56	0	0	0.0411789	0.61304	0.662971
PRJNA822685	DADA2_ASV	g__Schaalia	56	0	0	-0.0769825	0.189085	0.228239
PRJNA822685	DADA2_ASV	g__Schleiferilactobacillus	56	0	0	0.0745992	0.04746	0.0755559
PRJNA822685	DADA2_ASV	g__Segatella	56	0.0023849	0.00625005	-0.520113	0.0168472	0.0410865
PRJNA822685	DADA2_ASV	g__Selenomonas	56	0.00906824	0.00568872	-0.0768105	0.74421	0.776708
PRJNA822685	DADA2_ASV	g__Serratia	56	0	0	0.0745992	0.0823062	0.114367
PRJNA822685	DADA2_ASV	g__Simonsiella	56	0	0	0.0836352	0.015757	0.0388238
PRJNA822685	DADA2_ASV	g__Skermanella	56	0	0	0.0836352	0.0188118	0.0420188
PRJNA822685	DADA2_ASV	g__Sneathia	56	0	0	0.0745992	0.0928874	0.126137
PRJNA822685	DADA2_ASV	g__Solobacterium	56	0.000361902	0.00139138	-0.0681859	0.38723	0.432468
PRJNA822685	DADA2_ASV	g__Sphaerotilus	56	0	0	0.0836352	0.0339351	0.0623884
PRJNA822685	DADA2_ASV	g__Sphingobium	56	0	0	0.0836352	0.015757	0.0388238
PRJNA822685	DADA2_ASV	g__Sphingomonas	56	0	0	0.0745992	0.0617659	0.089467
PRJNA822685	DADA2_ASV	g__Staphylococcus	56	0	0	0.0552958	0.960965	0.965003
PRJNA822685	DADA2_ASV	g__Stenotrophomonas	56	0	0	0.0912239	0.00802414	0.0388238
PRJNA822685	DADA2_ASV	g__Stomatobaculum	56	0	0.000935321	-0.1622	0.0209738	0.0455705
PRJNA822685	DADA2_ASV	g__Streptobacillus	56	0	0	0.101236	0.00597888	0.0388238
PRJNA822685	DADA2_ASV	g__Streptococcus	56	0.0387203	0.127898	-0.927056	1.37225e-06	0.000109322
PRJNA822685	DADA2_ASV	g__Sutterella	56	0	0	0.0836352	0.015757	0.0388238
PRJNA822685	DADA2_ASV	g__TM7a	56	0	0	0.0836352	0.0913121	0.124706
PRJNA822685	DADA2_ASV	g__TM7x	56	0	0	-0.172407	0.000226911	0.0077474
PRJNA822685	DADA2_ASV	g__Tannerella	56	0.000824763	0.00394177	-0.272568	0.108066	0.143488
PRJNA822685	DADA2_ASV	g__Tepidimonas	56	0	0	0.0745992	0.053208	0.0784982
PRJNA822685	DADA2_ASV	g__Thiomonas	56	0	0	0.0836352	0.0147293	0.0388238
PRJNA822685	DADA2_ASV	g__Treponema	56	0.0105565	0.00342588	0.575866	0.00193722	0.0308664
PRJNA822685	DADA2_ASV	g__Tsuneonella	56	0	0	0.0649226	0.104534	0.140357
PRJNA822685	DADA2_ASV	g__UCG-002	56	0	0	0.0836352	0.015757	0.0388238
PRJNA822685	DADA2_ASV	g__Variovorax	56	0	0	0.0745992	0.0502652	0.0755559
PRJNA822685	DADA2_ASV	g__Veillonella	56	0.00207259	0.0354246	-2.0668	1.70714e-07	2.04004e-05
PRJNA822685	DADA2_ASV	g__Vibrionimonas	56	0	0	0.0552958	0.307901	0.35379
PRJNA822685	DADA2_ASV	g__Vulcaniibacterium	56	0	0	0.0912239	0.00783242	0.0388238
PRJNA822685	DADA2_ASV	g__W5053	56	0	0	0.0392431	0.373937	0.421562
PRJNA822685	DADA2_ASV	g__Wolinella	56	0	0	0.0767453	0.0265053	0.0523535
PRJNA822685	DADA2_ASV	g__Xanthomonas	56	0	0	0.0836352	0.0188118	0.0420188
PRJNA822685	DADA2_ASV	g__Xylanibacter	56	0	0	-0.0319494	0.503571	0.54956
PRJNA822685	DADA2_ASV	g__Yersinia	56	0	0	0.0912239	0.00842022	0.0388238
PRJNA822685	DADA2_ASV	g__[Eubacterium]_brachy_group	56	0	0	0.0223269	0.863989	0.874972
PRJNA822685	DADA2_ASV	g__[Eubacterium]_saphenum_group	56	0	0	0.0411789	0.863989	0.874972
PRJNA822685	DADA2_ASV	g__[Eubacterium]_sulci_group	56	0	0	-0.194104	0.000342334	0.0093789
PRJNA822685	DADA2_ASV	g__[Eubacterium]_ventriosum_group	56	0	0	0.0836352	0.015757	0.0388238
PRJNA822685	DADA2_ASV	g__[Eubacterium]_yurii_group	56	0	0	0.168711	0.00283122	0.0388238
