genus	SRR18236708	SRR18236719	SRR18236725	SRR18236726	SRR18236727	SRR18236728	SRR18236729	SRR18236730	SRR18236731	SRR18236734	SRR18236735	SRR18236736	SRR18236737	SRR18236738	SRR18236739	SRR18236740	SRR18236741	SRR18236742	SRR18236743	SRR18236744	SRR18236745	SRR18236746	SRR18236752	SRR18236763	SRR18236774	SRR18236785	SRR18236786	SRR18236787	SRR18236788	SRR18236789	SRR18236790	SRR18236791	SRR18236792	SRR18236793	SRR18236794	SRR18236795	SRR18236796	SRR18236797	SRR18236732	SRR18236733
Unclassified	4808	1585	4773	8314	1332	5328	4328	9174	4771	228	46	285	11550	34128	21556	3136	2088	4035	2221	3559	4387	468	16347	18006	1374	23437	2204	7375	1881	4121	17112	11576	19902	16721	1785	1415	14474	2840	11	10
g__1-68	1	0	0	0	0	0	0	0	0	0	0	0	0	0	0	0	0	0	0	16	0	0	0	0	0	0	0	0	0	0	2	0	8	19	504	0	5	0	0	0
g__AF12	0	0	0	0	0	0	0	0	0	0	0	0	0	0	0	0	0	0	0	0	0	0	16	13	0	2	0	0	0	0	6	0	0	0	0	0	7	0	0	0
g__Abiotrophia	1	1	203	1	2	68	1	391	2	0	0	2	537	57	0	27	4	13	5	270	14	0	23	55	3	652	0	0	10	4	23	391	10	290	28	6	45	17	0	0
g__Achromobacter	12	95	0	0	1	0	0	22	0	1	0	0	9	0	0	1	0	0	2	154	1239	0	0	23	0	0	1	1	6	0	2	0	1	0	0	1	117	1	0	0
g__Acidaminococcus	0	0	0	0	0	0	0	0	0	0	0	0	0	0	0	0	0	0	1	0	0	0	9	9	0	0	0	0	0	0	9	0	0	0	0	0	7	0	0	0
g__Acidovorax	0	0	1	2	13	55	0	0	2	3	0	0	2	4	0	10	0	36	0	0	0	0	7	0	0	5	3	12	101	2	0	2	14	17	0	48	0	0	1	0
g__Acinetobacter	0	2	0	16	605	40	0	2	2	5	29492	0	7	3	196	15	0	9	6	43	615	33219	26	35	0	8	2	34	68	0	13	2	74	6	1	13	30	13	0	0
g__Actinobacillus	0	1	6	0	0	0	0	0	0	0	0	0	0	2	0	3	1	2	5	4	7	0	5	1	0	3	0	2	1	0	9	0	1	1	41	21	336	0	0	0
g__Actinomadura	0	2	0	0	0	0	0	0	0	0	0	0	0	0	0	0	0	0	0	0	0	0	0	0	0	0	0	0	0	0	0	0	0	0	0	0	0	0	0	0
g__Actinomyces	1579	386	8049	440	29	265	70	6065	10	47	2	26	874	265	44	113	3828	890	685	663	739	1	408	656	107	704	44	635	49	109	352	901	52	1165	525	218	384	2239	0	0
g__Actinomycetospora	0	0	0	0	0	5	0	0	0	0	0	0	0	0	73	0	0	0	0	0	0	0	0	0	0	1	0	0	0	0	0	0	0	1	0	0	1	0	0	0
g__Actinoplanes	0	0	0	0	0	0	0	0	0	0	0	0	0	0	0	0	0	0	0	0	0	0	3	0	0	0	0	0	0	0	0	0	0	0	0	0	0	0	0	0
g__Actinopolymorpha	0	0	0	0	0	0	0	0	0	0	0	0	0	0	3	0	0	0	0	0	0	0	0	0	0	0	0	0	0	0	0	0	0	0	0	0	0	0	0	0
g__Adlercreutzia	0	0	0	0	0	0	0	0	0	0	0	0	0	0	0	0	0	0	0	0	0	0	20	11	0	6	0	0	0	0	9	0	0	0	0	0	10	0	0	0
g__Aerococcus	0	0	0	0	0	0	0	0	1	0	0	0	0	0	0	0	0	0	1	0	0	0	2	0	0	0	0	0	0	0	1	0	0	0	0	1	0	0	0	0
g__Aeromicrobium	0	0	0	0	0	0	0	0	0	0	0	0	0	0	7	0	0	0	1	0	6	0	0	0	0	0	0	1	9	0	0	0	0	0	0	0	0	0	0	0
g__Aggregatibacter	17	71	3	17	4	38	0	9	1	0	2	0	1	43	0	154	6	169	76	12	5	1	31	78	1	45	4	115	16	4	15	70	25	241	455	20561	34	11	0	0
g__Agrobacterium	1	0	0	0	0	0	0	1	0	2	0	0	0	0	0	0	0	1	0	1	11	0	3	2	0	2	0	2	4	0	3	1	5	0	0	3	3	0	0	0
g__Agromyces	0	0	0	0	0	0	0	0	0	0	0	0	17	0	0	0	0	0	0	0	0	0	0	1	0	0	0	0	0	0	0	0	0	0	0	1	0	0	0	0
g__Akkermansia	0	0	0	0	0	0	0	0	0	0	10	0	0	0	330	0	0	0	0	0	0	0	14945	12294	0	7562	0	1	0	0	14943	0	0	0	0	0	12033	2	1	0
g__Alcanivorax	0	0	0	0	0	0	0	0	0	0	0	0	50	0	0	0	0	0	0	0	0	0	0	0	0	0	0	0	0	0	0	0	0	0	0	0	0	0	0	0
g__Alkaliphilus	0	0	0	0	1	0	0	1	0	1	0	0	0	0	0	0	0	0	0	0	0	0	0	0	0	0	0	0	0	0	0	0	0	0	0	0	0	0	0	0
g__Alkanindiges	0	0	0	0	0	0	0	0	0	0	0	0	0	0	0	0	0	1	0	0	0	0	0	0	0	0	0	0	3	0	0	0	0	0	0	0	0	0	0	0
g__Allobaculum	0	0	0	0	0	0	0	0	0	0	0	0	0	0	0	0	0	0	0	0	0	0	0	0	0	0	0	0	0	0	2	0	0	0	0	0	0	0	0	0
g__Alloiococcus	0	0	0	0	0	0	0	0	0	0	0	0	0	0	0	0	0	0	0	0	0	0	0	0	0	0	0	0	0	0	0	0	2	0	0	0	0	0	0	0
g__Amaricoccus	0	1	0	0	0	0	0	0	0	0	0	0	0	0	0	0	0	0	0	1	1	0	63	1	0	0	0	0	0	0	0	0	0	0	0	2	0	0	0	0
g__Ammoniphilus	0	0	0	0	0	0	0	0	0	0	0	0	0	0	0	0	0	0	0	0	0	0	0	0	0	0	0	0	0	0	2	0	0	0	0	0	0	0	0	0
g__Anabaena	0	0	0	0	0	0	0	0	0	0	0	0	0	0	0	2	0	0	0	0	0	0	0	0	0	0	0	0	0	0	0	0	0	0	0	0	0	0	0	0
g__Anaerobacillus	0	0	0	0	0	0	0	0	0	0	0	0	0	0	0	1	2	2	7	0	0	0	0	1	0	0	0	0	0	0	0	0	0	0	0	0	0	0	0	0
g__Anaerococcus	0	0	0	1	1	1	0	0	0	0	0	0	0	0	0	0	0	0	0	0	0	0	1	0	0	0	0	0	0	0	0	0	0	0	0	0	3	2	0	0
g__Anaeroplasma	0	0	0	0	0	0	0	0	0	0	0	0	0	0	0	0	0	0	0	0	0	0	15	17	0	13	0	0	0	0	9	0	0	0	0	0	10	0	0	0
g__Anaerostipes	0	0	0	0	0	0	0	0	0	0	0	0	0	0	0	0	0	0	0	0	0	0	8	2	0	2	0	0	0	0	4	0	0	0	0	0	2	0	0	0
g__Anaerotruncus	0	0	0	0	0	0	0	0	0	0	0	0	0	0	0	0	0	0	0	0	0	0	19	25	0	10	0	0	0	0	27	0	0	0	0	0	26	0	0	0
g__Anaerovorax	0	4	0	0	7	60	26	266	0	0	0	0	0	0	0	79	0	0	0	0	0	0	2	9	0	2	0	19	0	0	0	49	0	0	0	0	3	51	0	0
g__Anoxybacillus	0	0	0	0	0	0	0	0	0	0	0	0	0	0	0	0	0	0	0	0	2	0	0	0	0	0	0	0	0	0	0	0	0	0	0	0	0	0	0	0
g__Aquicella	0	3	0	0	0	0	0	0	0	0	0	0	0	0	0	0	0	0	0	0	0	0	0	0	0	0	0	0	0	0	0	0	0	0	0	0	0	0	0	0
g__Arcanobacterium	1	6	0	0	0	3	0	0	0	2	0	0	0	0	25	1	1	2	1	12	0	0	202	219	0	97	0	0	0	1	249	1	2	0	0	0	233	1	0	0
g__Arsenicicoccus	0	0	0	0	0	0	0	0	0	0	0	0	0	0	0	0	0	0	0	0	0	0	0	0	0	0	0	0	10	0	0	0	0	0	0	0	0	0	0	0
g__Arthrobacter	0	1	2	0	0	0	0	0	0	0	0	0	1	1	0	0	1	0	7	5	4	0	0	0	2	1	0	0	0	1	1	0	2	0	0	0	0	0	0	0
g__Atopobium	73	25	0	4	3	141	12	32	3	6	4	0	19	61	0	180	431	46	30	7	34	1	23	157	81	18	2	204	2	24	19	2236	2	1	4	1	19	5	0	0
g__Azospirillum	1	17	0	0	6	14	2	4	0	13	0	0	3	0	39	0	0	1	0	7	24	0	0	0	0	0	0	15	44	1	0	1	11	4	0	4	4	0	0	0
g__Bacillus	3	49	0	2	10	22	1	18	2	14	0	2	32	5	239	9	0	86	1	38	171	1	17	7	1	19	0	11	397	3	19	4	25	4	0	16	83	8	0	0
g__Bacteroides	0	0	0	0	0	61	75	2	18	0	4757	0	24	0	34	31	0	48	0	2	0	5126	2364	2656	0	1260	0	77	1	0	2830	5	1	1	18	0	2295	0	0	0
g__Balneimonas	0	0	0	0	0	0	0	0	0	0	0	0	0	0	13	0	0	0	0	0	0	0	0	2	0	2	0	0	0	0	0	1	0	0	0	0	0	0	0	0
g__Bdellovibrio	0	2	0	0	0	3	0	0	0	0	0	0	0	0	17	0	0	0	0	0	7	0	0	0	0	0	0	0	0	0	0	0	0	0	0	0	0	0	0	0
g__Bifidobacterium	0	23	2	0	0	1	1	206	0	5	0	0	0	0	0	1	3	1	0	19	22	0	4	2	0	5	0	158	9	0	2	0	1	6	169	1	12	0	0	0
g__Bilophila	0	0	0	0	0	0	0	22	0	0	0	0	0	0	0	0	0	1	0	0	0	0	49	82	1	121	0	0	0	0	64	32	3	216	4	0	46	0	0	0
g__Blautia	0	0	0	0	0	0	0	0	0	0	0	0	0	0	0	0	0	0	0	0	0	0	2	0	0	1	0	0	0	0	4	0	0	0	0	0	2	0	0	0
g__Brachybacterium	0	2	0	0	1	0	0	0	0	3	0	0	3	0	13	1	0	1	0	3	10	0	6	21	0	1	0	2	8	0	4	0	13	1	0	0	19	1	0	0
g__Bradyrhizobium	0	0	0	0	0	0	0	0	0	0	0	0	0	0	8	0	0	0	0	0	0	0	0	0	0	0	0	0	0	0	0	0	0	0	0	0	0	0	0	0
g__Brevibacillus	0	0	0	0	0	0	0	0	0	0	0	0	0	0	0	0	0	0	0	1	0	0	1	0	0	0	0	0	0	0	0	0	0	0	0	0	3	0	0	0
g__Brevibacterium	0	13	0	0	1	0	0	0	0	1	1	0	0	0	0	0	0	0	0	4	3	0	0	2	0	1	0	2	1	0	0	0	0	1	0	3	1	2	0	0
g__Brevundimonas	2	27	0	0	2	0	0	12	0	0	48554	0	273	0	249	1	0	0	0	51	247	31645	0	7	0	2	0	10	0	1	2	0	0	0	0	1	41	9	0	0
g__Bulleidia	20	9	330	25	117	137	17	12	55	3	0	0	10	12	0	90	34	332	64	6	7	0	21	112	620	109	4	41	7	14	24	357	46	33	71	12	43	168	0	1
g__Burkholderia	0	0	0	0	2	2	0	0	0	0	0	0	1	0	0	0	0	0	0	0	3	0	1	0	0	0	0	0	2	0	1	0	5	1	1	0	0	1	0	0
g__Butyricimonas	0	0	0	0	0	0	0	0	0	0	0	0	0	0	0	0	0	0	0	0	0	0	3	0	0	0	0	0	0	0	0	0	0	0	0	0	0	0	0	0
g__Butyrivibrio	206	9	0	2	17	1	0	0	0	0	0	0	54	59	0	2	1	2	0	7	13	0	2	1	0	44	425	148	2	0	0	12	3	44	58	13	10	27	0	0
g__C39	0	3	0	0	0	0	0	0	0	0	0	0	0	0	0	0	0	0	0	2	4	0	0	0	0	0	0	0	0	0	0	0	0	0	0	0	1	0	0	0
g__CM44	0	0	0	0	0	0	0	0	0	0	0	0	0	0	12	0	0	0	0	0	0	0	0	0	0	0	0	0	4	0	0	0	0	0	0	0	0	0	0	0
g__Caldicoprobacter	0	0	0	0	0	2	0	0	0	0	0	0	0	0	0	0	0	0	0	0	0	0	0	0	0	0	0	0	0	0	0	0	0	0	0	0	0	0	0	0
g__Caldilinea	0	0	0	0	0	0	0	0	0	0	0	0	0	0	0	0	0	0	0	0	2	0	0	0	0	0	0	0	0	0	0	0	0	0	0	0	0	0	0	0
g__Campylobacter	2203	158	71	593	9	194	12	2249	10	42	2	0	594	2983	0	248	14	579	1064	39	463	1	68	265	1363	1713	5249	1465	467	3016	44	2509	1129	4513	3448	110	92	261	1	0
g__Candidatus Koribacter	0	3	0	0	0	0	0	0	0	0	0	0	0	0	0	0	0	0	0	0	0	0	0	0	0	0	0	0	0	0	0	0	2	0	0	0	0	0	0	0
g__Candidatus Rhabdochlamydia	0	0	0	0	0	0	0	0	0	0	0	0	0	0	0	0	0	0	0	0	2	0	0	0	0	0	0	0	0	0	0	0	0	0	0	0	0	0	0	0
g__Candidatus Rhodoluna	0	0	0	0	0	0	0	0	0	0	0	0	0	0	0	0	0	0	0	0	0	0	0	0	0	0	0	2	0	0	0	0	0	0	0	0	0	0	0	0
g__Candidatus Solibacter	0	0	0	0	0	0	0	0	0	0	0	0	0	0	88	0	0	0	0	0	0	0	0	0	0	0	0	0	8	0	0	0	0	0	0	0	0	0	0	0
g__Capnocytophaga	1038	170	7372	4437	1098	5913	11	6835	912	38642	33	23	13474	14197	64	4879	6804	10175	3605	6484	7428	2	524	2228	366	3725	373	2029	917	11583	363	16722	3212	13817	2161	765	576	2542	0	2
g__Cardiobacterium	17	3	0	0	0	0	0	114	0	0	0	0	5	0	0	0	0	0	0	2	4	0	3	24	0	0	38	0	0	0	3	20	0	1	2	29	1	8	0	0
g__Catonella	205	39	273	1698	38	40	44	54	193	0	1	0	211	33	0	355	51	921	74	25	7	0	28	48	11	38	102	87	55	1093	26	175	41	79	31	9	29	75	0	0
g__Cellulomonas	0	0	0	0	0	0	0	0	0	0	0	0	0	0	0	0	0	0	0	0	0	0	0	0	0	0	0	0	0	0	0	0	0	0	0	0	2	0	0	0
g__Cellulosimicrobium	0	0	0	0	0	0	0	0	0	0	0	0	0	0	0	0	0	2	0	0	5	0	0	0	0	0	0	1	0	0	0	0	0	0	0	0	0	0	0	0
g__Chitinophaga	0	0	0	0	0	0	0	1	0	0	0	0	0	0	34	0	0	0	0	0	0	0	0	0	0	0	0	0	6	0	0	0	0	0	0	0	0	0	0	0
g__Chryseobacterium	1	0	0	0	0	0	0	0	0	0	0	0	1	0	8	0	0	1	0	2	8	0	4	1	0	0	0	0	1	0	4	0	0	0	0	0	0	0	0	0
g__Chthoniobacter	0	0	0	0	0	0	0	0	0	0	0	0	0	0	0	0	0	0	0	0	0	0	0	0	0	0	0	0	2	0	0	0	0	0	0	0	0	0	0	0
g__Citrobacter	0	0	0	0	2	3	0	3	1	1	0	0	3	0	1	5	0	7	0	1	37	0	3	6	0	5	0	2	7	0	2	0	4	2	0	1	2	1	0	0
g__Cloacibacterium	2	1	0	0	0	4	0	0	0	0	0	0	1	0	15	1	0	1	0	3	17	1	0	5	0	0	0	0	4	0	0	1	3	2	0	2	5	1	0	0
g__Clostridium	0	0	0	0	1	0	0	0	0	0	0	0	0	0	22	0	0	0	0	0	8	0	46	38	0	25	0	0	2	0	32	3	0	0	0	0	43	0	0	0
g__Cohnella	0	0	0	0	0	0	0	0	0	0	0	0	0	0	19	0	0	0	0	0	0	0	0	0	0	0	0	0	0	0	0	0	0	0	0	0	0	0	0	0
g__Comamonas	0	0	0	0	1	0	0	0	0	0	0	0	0	0	0	4	0	3	0	2	16	0	8	1	0	0	0	0	8	1	1	0	0	0	0	2	3	0	0	0
g__Coprobacillus	0	0	0	0	0	0	0	0	0	0	0	0	0	0	0	0	0	0	0	0	0	0	5	9	0	8	0	0	0	0	6	0	0	0	0	0	7	0	0	0
g__Coprococcus	0	0	4	0	0	0	0	1	0	0	0	0	2	0	0	0	1	0	4	0	0	0	87	66	0	46	0	0	0	0	76	0	0	1	0	0	66	0	0	0
g__Coprothermobacter	1	0	0	0	0	1	0	3	0	0	0	0	0	0	0	0	0	0	0	0	1	0	0	0	0	0	0	0	0	0	0	0	0	0	0	0	0	0	0	0
g__Corynebacterium	61	57	16	1216	48954	73	2	259	3	11	2	2	178	285	664	9	1	79	26	45	647	0	123	114	0	64	6	77	54	4	85	58	26	22	47	26	282	21	0	0
g__DA101	0	0	0	0	0	0	0	0	0	0	0	0	0	0	29	0	0	0	0	0	0	0	0	0	0	0	0	0	0	0	0	0	0	0	0	0	0	0	0	0
g__Dactylosporangium	0	0	0	0	0	0	0	0	0	3	0	0	0	0	0	0	0	0	0	0	0	0	0	0	0	0	0	0	0	0	0	0	0	0	0	0	0	0	0	0
g__Dehalobacterium	0	0	0	0	0	0	0	0	0	0	0	0	0	0	0	0	0	0	0	0	0	0	26	26	0	7	0	0	0	0	15	0	0	0	0	0	19	0	0	0
g__Deinococcus	0	0	0	0	3	0	0	1	0	0	0	0	0	0	36	0	0	0	0	2	9	1	1	0	0	1	0	2	6	0	1	0	1	0	0	1	2	2	0	0
g__Delftia	0	0	0	0	1	2	0	0	0	0	0	0	1	0	0	0	0	0	0	0	3	0	0	2	0	0	0	0	1	0	0	0	0	3	0	0	0	0	0	0
g__Dermabacter	0	5	0	0	0	0	0	0	0	0	0	0	0	0	0	0	0	0	0	0	0	0	0	0	0	0	0	0	0	0	0	0	0	0	0	0	0	0	0	0
g__Dermacoccus	0	3	0	0	1	0	0	1	0	4	0	0	1	0	401	0	0	5	0	0	23	0	2	0	0	0	0	0	1	1	0	0	0	0	0	7	0	0	0	0
g__Desemzia	0	0	0	0	0	0	0	0	0	0	0	0	11	0	0	0	0	0	0	0	0	0	0	0	0	0	0	0	0	0	0	0	0	0	0	0	0	0	0	0
g__Desulfobulbus	23	13	0	0	0	0	0	13	0	0	0	0	3	0	0	1	0	0	0	0	0	0	2	0	0	0	7	23	0	0	0	2	0	0	1	2	4	0	0	0
g__Desulfosporosinus	0	2	0	0	0	0	0	0	0	1	1	0	0	0	2	0	0	0	0	0	0	0	0	1	0	1	0	0	0	0	2	0	1	0	0	0	1	1	90	219
g__Desulfotomaculum	0	0	0	0	0	0	0	0	0	0	0	0	0	0	0	0	0	0	0	0	0	0	0	0	0	0	0	0	0	0	0	0	0	0	0	0	0	0	2	4
g__Desulfovibrio	1	0	0	0	0	0	0	0	0	0	4	0	0	0	0	0	0	0	0	1	0	0	331	351	0	136	0	0	0	0	342	6	2	4	46	0	290	0	0	0
g__Devosia	0	0	0	0	0	0	0	0	0	0	0	0	0	0	0	0	0	0	0	0	0	0	0	0	0	0	0	0	2	0	0	0	0	0	0	0	3	0	0	0
g__Dialister	603	54	1	9	11	89	108	265	0	1	0	0	120	547	0	177	6	4	2	4	7	0	20	263	1	74	53	299	5	16	22	1133	5	16	126	33	32	0	0	0
g__Dietzia	0	0	0	0	0	1	0	1	0	0	0	0	1	0	0	0	0	0	0	0	14	0	0	0	0	0	0	0	0	1	0	0	0	0	0	0	0	0	0	0
g__Dorea	0	0	0	0	0	0	0	0	0	0	0	0	0	0	0	0	0	0	0	0	0	0	23	20	0	8	0	0	0	0	31	0	0	0	0	0	29	0	0	0
g__Dyadobacter	0	0	0	0	0	0	0	0	0	0	0	0	0	0	14	0	0	0	0	0	0	0	0	0	0	0	0	0	0	0	0	0	0	0	0	0	0	0	0	0
g__Dysgonomonas	0	0	0	0	1	1	0	1	0	0	0	0	0	0	0	1	0	1	0	0	2	0	0	0	0	0	0	0	0	0	0	0	1	0	0	0	0	0	0	0
g__Eikenella	31	8	517	189	30	1306	0	749	41	7	2	1	53	602	0	17	15	264	10	97	117	0	22	67	2	170	8	47	5	11	27	72	16	175	6	107	43	16	1	0
g__Enhydrobacter	1	2	0	0	3	14	0	0	0	0	2	0	1	0	91	1	0	3	3	10	16	0	2	4	0	5	1	3	17	0	1	0	4	1	1	18	6	3	0	0
g__Enterobacter	0	0	0	0	0	1	0	0	0	0	0	0	1	0	0	0	0	0	0	0	0	0	1	0	0	0	0	0	1	0	2	0	0	0	0	0	1	0	0	0
g__Enterococcus	2	7	8	0	9	9	0	5	4	1829	0	38774	54	2	31	4	1	0	1	24	10	0	21	31	0	10	0	6	1	1	8	3	58	6	2	2	14	10	0	0
g__Epulopiscium	0	0	0	0	0	0	0	0	0	0	0	0	0	0	0	0	0	0	0	0	0	0	0	0	0	2	0	0	0	0	0	0	0	0	0	0	0	0	0	0
g__Erwinia	0	1	0	0	0	0	0	0	0	0	0	0	1	0	2	0	0	0	0	0	0	0	0	0	0	0	0	1	0	0	0	0	0	0	0	0	1	1	0	0
g__Ethanoligenens	0	0	0	0	0	0	0	0	0	0	0	0	0	0	0	0	0	1	0	0	3	0	0	0	0	0	0	0	0	0	0	0	0	0	0	0	0	0	0	0
g__Exiguobacterium	0	3	0	1	4	3	0	2	0	3	0	0	7	0	112	1	0	0	0	1	49	0	1	2	0	3	0	3	6	0	1	0	2	0	1	4	1721	1	0	0
g__Facklamia	0	0	0	0	0	0	0	0	0	0	0	0	0	0	0	0	0	0	0	0	4	0	0	0	0	0	0	0	0	0	0	0	0	0	0	0	0	0	0	0
g__Faecalibacterium	0	0	0	0	0	0	0	2	0	0	0	0	0	0	0	0	0	0	0	0	0	0	0	0	0	0	0	1	1	0	0	0	0	0	0	0	0	0	0	0
g__Filifactor	2046	5	0	0	90	608	479	4	1	0	0	0	0	3	0	136	1	2	0	10	27	54	7	32	0	6	1029	7	14	381	9	215	13	4	211	54	19	4	0	0
g__Fimbriimonas	0	0	0	0	0	0	0	0	0	0	0	0	0	0	0	0	0	0	0	0	0	0	0	0	0	0	0	0	0	0	0	0	0	0	0	0	2	0	0	0
g__Finegoldia	0	0	0	1	0	0	0	0	0	0	0	0	0	0	0	0	0	1	0	0	0	0	0	0	0	0	0	0	0	0	0	0	1	0	0	0	0	0	0	0
g__Flavisolibacter	0	1	0	0	0	0	0	0	0	0	0	0	0	0	49	0	0	0	0	0	0	0	0	0	0	0	0	0	4	0	0	0	0	0	0	0	0	0	0	0
g__Flavobacterium	0	0	0	0	0	0	0	0	0	0	0	0	0	0	9	0	0	0	0	0	4	0	0	0	0	0	0	0	0	0	0	0	0	0	0	0	0	0	0	0
g__Flexispira	0	0	0	0	0	0	0	0	0	0	0	0	0	0	0	0	0	0	0	0	0	0	0	0	0	1	0	0	0	0	1	0	0	0	0	0	0	0	0	0
g__Fluviicola	0	0	0	0	0	0	0	0	0	0	0	0	2	0	0	0	0	0	0	0	0	0	0	0	0	0	0	0	0	0	0	0	0	0	0	0	0	0	0	0
g__Fusobacterium	41440	634	358	41604	350	13862	29329	3992	9594	6	138	3	3740	4912	220	11718	20365	16142	5790	206	953	3	2230	1967	12074	3175	23572	5180	2049	34541	1657	12559	4129	6233	12703	23122	1893	14343	2	0
g__Gemella	437	231	8023	871	900	1212	2263	647	5	393	163	6	8431	1033	43	1013	869	979	1605	526	5639	14	445	530	1189	1416	47	2915	163	1751	500	820	2287	12439	2756	84	731	859	1	0
g__Gemmata	0	3	0	0	0	0	0	0	0	0	0	0	0	0	0	0	0	0	0	2	0	0	0	0	0	0	0	0	0	0	0	0	0	0	0	0	0	0	0	0
g__Gemmatimonas	0	0	0	0	0	0	0	0	0	0	0	0	0	0	0	0	0	0	0	0	0	0	0	2	0	0	0	0	0	0	0	0	0	0	0	0	0	0	0	0
g__Geobacillus	0	0	0	0	0	0	0	0	0	1	0	0	0	0	0	0	0	1	0	0	0	0	0	9	0	0	3	0	0	0	3	0	0	0	0	0	0	0	0	0
g__Geobacter	0	0	0	0	0	0	0	0	0	0	0	0	0	0	0	0	0	0	0	0	0	0	0	0	0	0	0	2	0	0	0	0	0	0	0	0	0	0	0	0
g__Geodermatophilus	0	0	0	0	0	0	0	0	0	0	0	0	0	0	21	0	0	0	0	0	0	0	0	0	0	0	0	0	0	0	0	0	0	0	0	0	0	0	0	0
g__Gordonia	0	0	0	0	0	0	0	0	0	1	0	0	0	0	7304	0	0	1	0	0	3	0	0	0	0	0	0	0	0	0	0	0	0	0	0	0	0	0	0	0
g__Granulicatella	0	9	599	1	1	34	0	282	1	3	0	3	28	1	0	19	32	18	33	190	203	0	41	44	10	97	0	8	15	9	44	30	129	129	28	41	67	15	0	0
g__Haemophilus	3	75	2557	115	6483	144	0	86	1	205	1	1	447	683	68	7462	203	4542	9210	7481	10347	1	245	178	1158	161	1	21	56	44	205	43	7899	96	1683	1359	936	3166	2	12
g__Halomonas	6	502	0	11	131	184	2	145	30	170	0	1	141	11	0	92	16	116	12	81	633	0	17	15	1	2	3	143	1151	12	14	23	128	41	6	113	10	0	0	0
g__Helcococcus	1	0	0	0	0	0	0	0	0	0	0	0	0	0	0	0	0	0	0	0	0	0	0	0	0	0	0	0	4	0	0	0	0	0	0	0	0	0	0	0
g__Helicobacter	0	0	0	0	0	0	0	0	0	0	0	0	0	0	0	0	0	0	0	0	0	0	0	0	0	1	0	0	0	0	1	0	0	0	0	0	1	0	0	0
g__Holdemania	0	0	0	0	0	0	0	0	0	0	0	0	0	0	0	0	0	0	0	0	0	0	4	6	0	1	0	0	0	0	7	0	0	0	0	0	4	0	0	0
g__Hydrogenophaga	0	0	0	0	0	0	0	0	0	0	0	0	0	0	4	0	0	0	0	0	0	0	0	0	0	0	0	0	0	0	0	0	0	0	0	0	0	0	0	0
g__Hylemonella	0	0	0	0	0	0	0	0	0	0	0	0	0	0	75	0	0	0	0	0	0	0	0	0	0	0	0	0	0	0	0	0	0	0	0	0	0	0	0	0
g__Jeotgalicoccus	0	0	0	0	0	0	0	0	0	0	0	0	0	0	0	0	0	0	0	0	2	0	1	3	0	0	0	0	0	0	0	0	0	0	0	0	0	0	0	0
g__Jonquetella	0	1	0	0	0	0	0	0	0	0	0	0	0	0	0	0	0	0	0	0	0	0	0	0	0	0	0	0	0	0	0	0	1	1	20	0	2	0	0	0
g__Kaistobacter	0	2	0	0	0	0	0	0	0	0	0	0	0	0	38	0	0	1	0	0	0	0	0	0	0	1	0	0	5	0	0	0	0	0	0	0	0	0	0	0
g__Kingella	0	1	0	0	0	0	0	0	0	0	0	0	0	0	0	0	15	2	0	0	4	0	1	1	0	0	0	16	1	3	0	0	0	1	0	0	0	30	0	0
g__Klebsiella	0	0	0	0	0	0	0	0	0	0	0	0	0	0	0	0	0	1	0	0	0	0	5	5	0	0	0	0	0	0	4	0	8	0	0	1	5	0	0	0
g__Kocuria	0	2	0	0	3	3	0	1	0	2	0	0	22	0	39	1	0	8	0	7	55	0	2	4	0	1	0	0	1	0	2	0	30	0	0	4	2	6	0	0
g__Lactobacillus	0	0	0	0	0	9	0	4	0	0	0	0	5	0	23	0	0	1	0	4	62	1	12	14	2	6	0	6	7	1	13	1	1	5	2	2	10	1	0	0
g__Lactococcus	0	0	0	1	19	32	0	0	5	0	0	1	249	11	0	58	0	610	1	168	1331	0	93	9	3	37	0	18	95	5	9	32	90	0	0	0	6	1	0	0
g__Lautropia	10	315	1	0	3	1	0	0	1	0	2	0	5	32	3	9	18	26	12	20	15	0	100	126	10	1143	2	25	3	4	11	63	17	3749	2	15	5	24	0	0
g__Legionella	0	0	0	0	0	0	0	0	0	0	0	0	0	0	0	0	0	0	0	0	0	0	0	0	0	0	0	0	0	0	1	0	0	0	0	0	1	0	0	0
g__Leptotrichia	7681	357	883	1897	9	166	2	12191	359	126	3	7	28101	3080	59	105	2477	1020	912	448	634	3	755	741	6584	2726	3454	7101	585	16468	690	6020	540	5596	4030	2923	489	2224	0	1
g__Leucobacter	1	0	0	0	0	0	0	0	0	0	0	0	2	0	0	0	0	0	1	0	5	0	2	1	0	0	0	0	3	0	0	0	3	0	0	1	0	0	0	0
g__Limnobacter	0	0	0	0	0	1	0	0	0	0	0	0	0	0	0	0	0	0	0	0	1	0	1	2	0	0	0	0	1	0	0	1	1	0	0	0	3	0	0	0
g__Luteibacter	0	0	0	0	0	0	0	0	0	0	0	0	0	0	0	0	0	0	0	0	1	0	0	0	0	0	0	0	1	0	0	0	0	0	0	0	0	0	0	0
g__Luteimonas	0	0	0	0	0	0	0	0	0	0	1	0	0	0	6	0	0	0	0	0	10	1	3	0	0	0	0	0	0	0	0	0	0	0	0	0	0	1	0	0
g__Lysinibacillus	0	0	0	0	0	0	0	2	0	0	0	0	0	0	0	0	0	1	0	0	5	0	0	0	0	0	0	1	8	0	3	0	0	0	0	2	0	0	0	0
g__Lysobacter	0	0	0	0	0	0	0	0	0	0	0	0	0	0	32	0	0	0	0	0	0	0	0	0	0	0	0	0	0	0	0	0	0	0	0	0	0	0	0	0
g__Macrococcus	0	0	0	0	0	0	0	0	0	0	0	0	0	0	0	0	0	0	0	0	0	0	0	0	0	0	0	0	0	0	0	0	0	2	0	0	0	0	0	0
g__Marinibacillus	0	0	0	0	0	0	0	0	0	0	0	0	3	0	0	0	0	0	0	0	0	0	0	1	0	0	0	0	0	0	0	0	0	0	0	0	0	0	0	0
g__Marinobacter	0	0	0	0	0	0	0	0	0	0	0	0	0	0	22	0	0	0	0	0	0	0	1	0	0	0	0	0	0	0	0	0	0	0	0	0	0	0	0	0
g__Megasphaera	41	33	0	3	3	12	0	138	6	0	0	0	0	0	0	14	242	187	27	0	3	0	19	20	1	14	5	78	0	3	9	88	0	3	17	3	19	1	0	0
g__Mesorhizobium	0	0	0	0	0	0	0	0	0	0	0	0	0	0	0	0	0	0	0	0	0	0	2	0	0	0	0	0	0	0	0	0	0	0	0	0	0	0	0	0
g__Methylibium	0	0	0	0	0	0	0	0	0	0	0	0	0	0	85	0	0	0	0	0	0	0	0	0	0	0	0	0	0	0	0	0	0	0	0	0	0	0	0	0
g__Methylobacterium	0	7	0	0	1	2	0	1	0	0	0	0	0	0	180	0	0	1	0	1	21	0	16	5	0	8	0	0	1	0	8	0	3	1	0	0	23	0	0	0
g__Microbacterium	0	4	0	0	0	1	0	3	0	0	31	0	2	0	4447	0	0	1	0	4	35	550	1	7	0	0	0	2	5	0	0	0	0	0	0	0	10	5	0	0
g__Microbispora	0	0	0	0	0	0	0	0	0	0	0	0	0	0	0	0	0	0	0	0	2	0	0	0	0	0	0	0	0	0	0	0	0	0	0	0	0	0	0	0
g__Micrococcus	0	13	0	1	2	7	0	7	3	4	0	0	6	0	385	1	0	5	1	17	58	0	8	10	2	3	0	0	17	2	9	0	11	1	0	43	15	7	0	1
g__Microlunatus	0	1	0	0	0	0	0	0	0	0	1	0	0	0	134	0	0	0	0	0	0	0	0	0	0	0	0	0	0	0	0	0	0	0	0	0	0	0	0	0
g__Mobiluncus	0	0	0	0	0	0	0	0	0	0	0	0	0	0	0	0	0	0	0	0	0	0	0	0	0	0	0	0	0	0	0	0	0	0	0	2	0	0	0	0
g__Mogibacterium	59	5	0	2	21	53	1	12	0	2	0	0	21	2	0	113	8	11	27	7	0	0	10	16	2	24	2	66	0	18	4	142	5	32	34	3	8	31	0	0
g__Morganella	0	6	0	1	609	4	0	1	0	1	0	0	1	4	0	0	0	2	0	1	3	0	0	0	0	0	0	1	6	0	0	0	0	0	0	0	0	0	0	0
g__Moryella	13	15	1	3	0	0	0	41	0	0	0	0	6	0	0	10	1331	177	339	10	20	0	20	41	3	7	0	50	9	185	10	1104	3	1	42	2	16	12	0	0
g__Mucispirillum	0	0	0	0	0	0	0	0	0	0	0	0	0	0	0	0	0	0	0	0	0	0	33	48	0	24	0	0	0	0	50	0	0	0	0	0	30	0	0	0
g__Mycobacterium	0	3	0	0	2	0	0	0	0	0	0	0	0	0	1254	1	0	0	0	0	8	0	0	0	0	0	0	2	10	0	0	0	0	1	0	0	2	0	0	0
g__Mycoplana	0	0	0	0	1	0	0	0	0	0	0	0	0	0	503	0	0	0	0	0	0	0	0	0	0	0	0	0	0	0	0	0	0	0	0	0	0	0	0	0
g__Mycoplasma	0	1	1	14	0	0	0	7	3	0	10	0	85	0	17	14	0	102	0	133	31	1	25	20	0	23	1	14	5	58	18	2	0	33	1	0	32	0	0	0
g__Myroides	0	1	0	0	0	1	0	0	0	0	0	0	1	0	0	2	0	0	0	0	4	0	0	0	0	0	0	1	6	0	0	0	0	0	0	0	0	0	0	0
g__Nannocystis	0	4	0	0	0	0	0	0	0	0	0	0	0	0	0	0	0	0	0	0	0	0	0	0	0	0	0	0	0	0	0	0	0	0	0	0	0	0	0	0
g__Neisseria	75	968	1674	256	6	320	1	2762	39	24	9	1	960	178	59	2509	5403	3387	3947	9484	2324	2	364	323	18585	706	5	164	82	827	189	290	1241	1087	29	981	336	25019	0	0
g__Nesterenkonia	0	1	0	0	0	1	0	1	0	4	0	0	21	0	0	0	0	0	0	1	17	0	0	8	0	0	0	0	7	0	0	0	0	0	0	4	1	0	0	0
g__Nitrospira	0	0	0	0	0	0	0	0	0	0	0	0	0	0	0	0	0	0	0	0	2	0	0	0	0	0	0	0	0	0	0	0	0	0	0	0	0	0	0	0
g__Nocardioides	0	0	0	0	0	0	0	0	0	0	0	0	0	0	0	0	0	0	0	0	3	0	0	0	0	0	0	0	2	0	0	0	0	0	0	0	0	0	0	0
g__Ochrobactrum	118	586	0	0	1	2	0	136	0	1	0	0	3	0	2	1	0	5	0	1035	8244	0	8	87	3	2	0	0	14	0	7	0	1	1	1	6	578	12	0	0
g__Odoribacter	0	0	0	0	0	0	0	0	0	0	0	0	0	0	0	0	0	0	0	0	0	0	114	166	0	78	0	0	0	0	154	0	0	0	0	0	137	0	0	0
g__Oligella	0	0	0	0	0	0	0	0	0	0	0	0	0	0	0	0	0	0	0	0	0	0	0	1	0	0	0	0	0	0	0	0	0	0	0	0	1	0	0	0
g__Oribacterium	243	13	1333	20	1	64	1	59	9	3	0	2	8	0	27	40	778	430	3746	48	25	1	96	148	71	103	127	74	18	277	92	1051	144	203	49	19	64	1183	1	0
g__Oscillospira	0	0	0	0	0	0	0	1	0	0	1	0	0	0	21	0	0	0	0	2	1	0	1594	1718	0	781	0	0	0	0	1593	0	0	1	19	0	1313	0	0	0
g__Paenibacillus	0	0	0	0	0	0	0	0	0	0	0	0	0	0	32	0	0	0	0	0	0	0	1	0	0	0	0	0	0	0	0	0	0	0	0	0	0	0	0	0
g__Paludibacter	514	17	0	5	0	1	0	3	0	0	2	0	496	2760	0	2	0	20	6	3	2	0	18	40	3	365	130	598	0	0	3	185	6	772	33	6	11	0	0	0
g__Pandoraea	0	3	0	0	0	2	0	0	0	0	0	0	0	0	0	0	0	0	0	0	0	0	0	0	0	0	0	0	1	0	0	0	0	0	0	0	1	0	0	0
g__Parabacteroides	0	0	0	0	0	0	0	0	0	0	0	0	0	0	91	0	0	0	0	0	0	0	2757	2917	0	1458	0	0	0	0	2964	0	0	0	0	0	2417	0	0	0
g__Paracoccus	1	26	0	0	1	4	0	4	0	1	0	0	4	0	7819	0	0	2	1	4	46	0	33	3	0	2	0	4	7	0	0	0	11	1	0	2	5	2	0	0
g__Parvimonas	328	6	13	1986	3092	8853	6250	101	4	30	3	0	135	73	24	2884	47	94	64	116	8	0	259	353	2	390	27	292	43	1363	251	3818	85	942	3590	16	223	8	0	1
g__Pedobacter	0	0	0	0	0	0	0	0	0	0	2347	0	0	0	0	0	0	0	0	0	0	12908	0	0	0	0	0	4	0	0	0	0	0	0	0	0	0	0	0	0
g__Pedomicrobium	0	0	0	0	0	0	0	0	0	0	0	0	0	0	10	0	0	0	0	0	0	0	0	0	0	0	0	0	0	0	0	0	0	0	0	0	0	0	0	0
g__Peptococcus	339	23	5	856	15	5	0	3	4	0	0	0	2	9	0	1	1	27	0	21	18	0	5	19	0	3	468	55	3	0	11	19	4	10	436	38	18	121	0	0
g__Peptoniphilus	4	0	2	0	27	2	0	12	0	1	0	0	1	9	6	0	0	1	0	11	3	0	2	7	0	1	0	0	1	0	0	31	2	9	220	2	7	0	0	0
g__Peptostreptococcus	762	230	152	3172	2986	3001	7992	13	4727	810	0	26067	144	736	58	904	1045	6624	234	358	8	0	168	298	0	165	121	2191	74	1920	187	1937	356	315	5247	37	204	303	0	0
g__Phaeospirillum	0	0	0	0	0	0	0	0	0	0	0	0	0	0	0	0	0	0	0	0	0	0	1	0	0	0	0	0	0	0	1	0	0	0	0	0	0	0	0	0
g__Phascolarctobacterium	0	0	0	0	0	0	0	0	0	0	0	0	0	0	0	0	0	0	0	0	0	0	3	2	0	3	0	0	0	0	6	0	0	0	0	0	1	0	0	0
g__Phenylobacterium	0	7	0	0	0	0	0	0	0	0	0	0	5	0	0	0	0	0	0	0	4	0	0	0	0	0	0	0	0	0	2	0	2	1	0	0	8	0	0	0
g__Phormidium	0	0	0	0	0	3	0	0	0	0	0	0	0	0	0	0	0	0	0	0	0	0	0	0	0	0	0	0	0	0	0	0	0	0	0	0	0	0	0	0
g__Pilimelia	0	0	0	0	0	0	0	0	0	0	0	0	0	0	0	0	0	0	0	0	0	0	0	2	0	0	0	0	0	0	0	0	0	0	0	0	0	0	0	0
g__Planctomyces	0	1	0	0	0	0	0	3	0	0	0	0	0	0	7	0	0	0	0	1	6	0	0	0	0	0	0	0	0	0	0	0	0	0	0	0	3	0	0	0
g__Planococcus	0	0	0	0	0	0	0	1	0	0	0	0	0	0	0	0	0	0	0	4	30	0	0	0	0	0	0	0	0	0	0	0	0	0	0	0	0	0	0	0
g__Plesiocystis	0	0	0	0	0	0	0	0	0	3	0	0	0	0	0	0	0	0	0	0	0	0	0	0	0	0	0	0	0	0	0	0	0	0	0	0	0	0	0	0
g__Polaribacter	0	0	0	0	0	0	0	0	0	0	0	0	0	0	0	0	0	0	0	0	0	0	0	0	0	0	0	0	5	0	0	0	0	0	0	0	0	0	0	0
g__Porphyromonas	1533	68	4861	1053	1123	519	634	274	9	57	6	6817	29	864	37	609	216	807	3491	135	31	556	294	372	1398	764	535	905	33	138	270	1056	4180	1869	5135	994	414	615	2	0
g__Prevotella	696	159	847	6565	164	1148	7069	899	149	11	6	2	165	707	0	1274	1635	2226	1790	77	269	19	180	367	2757	384	204	989	88	737	147	991	198	405	2092	283	265	1701	1	0
g__Propionibacterium	2	32	0	1	6	3	0	5	0	6	2	0	1	0	2248	5	0	4	3	7	41	0	55	33	0	27	0	4	12	0	20	2	5	3	1	10	61	19	0	0
g__Propionicimonas	0	0	0	0	0	0	0	0	0	0	0	0	0	0	462	0	0	0	0	0	0	0	0	8	0	0	0	0	0	0	0	7	0	0	0	0	0	0	0	0
g__Propionivibrio	0	0	0	0	0	0	0	0	0	0	0	0	73	0	0	0	0	1	0	0	0	0	1	1	0	13	0	0	1	0	0	3	0	4	0	0	0	0	0	0
g__Proteus	0	1	0	0	0	0	0	0	0	0	0	0	0	0	0	0	0	0	1	0	0	0	0	0	0	0	0	1	0	0	0	0	1	0	0	0	0	0	0	0
g__Providencia	0	1	0	0	0	1	0	0	0	0	0	0	0	0	0	0	0	0	0	0	9	0	0	0	0	0	0	0	3	0	0	0	0	0	0	0	1	0	0	0
g__Pseudoalteromonas	0	0	0	0	0	0	0	0	0	0	0	0	0	0	0	0	0	0	0	0	0	0	0	1	0	0	0	1	0	0	0	0	0	0	0	0	0	0	0	0
g__Pseudomonas	79	24	0	2	48	4411	1	0	0	26	0	2511	3	11	103	26	1	23	2	11	72	0	11	141	4	12	4	19	13	2	118	107	10	17	1	11	1162	3	2	0
g__Pseudonocardia	0	0	0	0	1	0	0	2	0	3	0	0	0	0	22	0	0	0	0	0	3	0	0	1	0	0	0	0	0	0	0	0	0	0	0	2	3	0	0	0
g__Pseudoramibacter_Eubacterium	0	0	0	1	10	64	7	0	0	0	0	0	2	94	0	53	0	0	0	1	0	0	6	11	0	52	0	0	0	0	7	115	0	34	0	0	5	0	0	0
g__Pseudoxanthomonas	0	0	0	0	0	0	0	0	0	0	0	0	0	0	504	0	0	0	0	0	6	0	0	0	0	0	0	0	9	0	0	0	0	0	0	0	0	0	0	0
g__Pyramidobacter	0	32	0	0	0	0	0	2	0	0	0	0	0	0	0	0	0	2	0	1	0	0	4	0	3	93	0	251	0	0	0	88	2	169	0	0	0	0	0	0
g__RFN20	0	0	0	0	0	0	0	0	0	0	0	0	0	0	0	0	0	0	0	0	0	0	0	0	0	0	0	7	0	0	0	0	0	0	0	0	0	0	0	0
g__Ralstonia	0	0	0	0	0	0	0	0	0	0	0	0	0	0	0	0	0	1	0	0	0	0	0	0	0	4	0	0	1	0	0	0	0	0	0	0	0	0	0	0
g__Ramlibacter	0	0	0	0	0	0	0	0	0	0	0	0	0	0	0	0	0	0	0	0	0	0	0	0	0	0	0	2	0	0	0	0	0	0	0	0	0	0	0	0
g__Rheinheimera	0	0	0	0	0	0	0	0	0	0	0	0	0	0	0	0	0	0	0	0	2	0	0	0	0	0	0	0	1	0	0	0	0	0	0	0	0	0	0	0
g__Rhodobacter	0	0	0	0	0	0	0	0	0	0	0	0	0	0	2	0	0	0	0	0	0	0	0	0	0	0	0	2	0	0	0	0	0	0	0	0	2	0	0	0
g__Rhodobium	0	0	0	0	0	0	0	0	0	0	0	0	0	0	0	0	0	0	0	0	2	0	0	0	0	0	0	0	0	0	0	0	0	0	0	0	0	0	0	0
g__Rhodococcus	1	1	0	1	0	4	0	0	0	4	0	0	4	0	3698	0	0	1	1	4	23	0	67	57	0	28	0	3	23	0	55	0	2	1	0	1	80	0	0	0
g__Rhodoplanes	0	8	0	0	2	0	0	0	0	0	0	0	0	0	23	0	0	0	0	1	11	0	0	0	0	0	0	5	3	0	0	0	1	0	0	0	1	0	0	0
g__Rickettsiella	0	0	0	0	0	0	0	0	0	0	0	0	0	0	0	0	0	0	0	0	0	0	0	0	0	0	0	0	4	0	0	0	0	0	0	0	0	0	0	0
g__Roseateles	0	2	0	0	0	0	0	0	0	0	0	0	0	0	0	0	0	0	0	0	0	0	0	0	0	0	0	0	0	0	0	0	0	0	0	0	0	0	0	0
g__Roseomonas	0	3	0	0	1	0	0	0	0	2	0	0	0	0	256	1	0	0	1	3	18	0	0	0	0	0	0	0	0	1	1	0	0	0	0	12	2	0	0	0
g__Rothia	23	1351	96	3	0	3	0	3957	22	7	9	2	1372	41	76	55	1250	1985	6319	8555	1928	2	218	168	11879	64	1	184	88	9	160	16	5780	22	303	7921	389	6069	1	0
g__Rubellimicrobium	0	0	0	0	0	0	0	0	0	0	0	0	0	0	0	0	0	0	0	0	2	0	0	0	0	0	0	1	4	0	0	0	0	0	0	0	0	0	0	0
g__Rubrobacter	0	0	0	0	0	0	0	0	0	0	0	0	0	0	0	0	0	0	0	0	3	0	2	2	0	4	0	0	0	0	2	0	0	0	0	0	2	0	0	0
g__Ruminococcus	0	0	0	0	0	0	0	0	0	0	0	0	0	0	0	0	0	0	0	0	0	0	106	118	0	60	0	0	0	0	88	0	0	0	0	0	103	0	0	0
g__Rummeliibacillus	0	0	0	0	0	0	0	0	0	0	0	0	0	0	0	0	0	0	0	0	0	0	0	0	0	0	0	0	5	0	0	0	0	0	0	0	0	0	0	0
g__SHD-231	103	6	0	0	0	0	0	3	0	0	2	0	2	0	0	2	0	1	2	0	1	0	3	0	0	89	77	136	1	0	0	4	2	111	6	4	3	0	0	0
g__Saccharopolyspora	0	0	0	0	0	0	0	1	0	0	0	0	0	0	0	0	0	1	0	0	9	0	0	0	0	2	0	1	0	0	0	0	0	1	0	0	5	0	0	0
g__Salinicoccus	0	0	0	0	0	1	0	0	0	0	0	0	10	0	0	0	0	0	0	0	2	0	0	0	0	0	0	0	2	0	0	0	0	0	0	0	0	0	0	0
g__Salinisphaera	0	0	0	0	0	0	0	0	0	0	0	0	0	0	0	0	0	0	0	0	0	0	0	0	0	0	0	1	2	0	0	0	0	0	0	0	0	0	0	0
g__Scardovia	0	3	0	0	2	1	0	0	0	0	0	0	0	0	0	0	0	3	0	5	13	0	29	51	0	18	0	12	1	0	28	1	2	0	1	0	24	0	0	0
g__Schwartzia	38	48	0	7	27	169	73	129	5	0	1	0	105	30	0	354	0	7	0	4	32	0	1	11	0	59	88	522	0	0	6	32	6	114	12	3	0	0	0	0
g__Sedimentibacter	0	0	0	0	0	0	0	0	0	0	0	0	0	0	0	0	0	0	0	0	0	0	0	0	0	0	0	4	0	0	0	0	0	0	0	0	0	0	0	0
g__Sediminibacterium	0	0	0	0	0	0	0	0	0	0	0	0	0	0	0	0	0	0	0	0	2	0	0	0	0	0	0	0	0	0	0	0	0	0	0	0	0	0	0	0
g__Selenomonas	2121	225	100	1894	938	1269	7162	1776	22988	11	0	0	1640	6343	28	1019	128	1051	24	68	822	1	198	566	1	267	13337	3949	228	303	223	1226	127	143	84	101	178	8	0	1
g__Serratia	0	0	0	0	0	0	0	0	0	0	0	0	0	0	0	0	0	1	0	0	0	0	0	0	0	0	0	0	0	0	0	0	2	0	0	0	0	0	0	0
g__Sharpea	0	2	0	0	3	13	17	2	0	0	0	0	4	7	0	44	0	1	0	0	0	0	3	0	0	0	0	8	0	0	0	0	0	0	6	0	1	0	0	0
g__Shewanella	3	146	0	3	40	68	1	29	3	40	0	0	51	2	0	25	1	53	2	25	183	0	6	4	0	6	1	35	369	3	1	11	61	16	1	25	4	0	0	0
g__Shuttleworthia	0	0	0	0	0	0	0	0	0	0	0	0	0	0	0	0	0	0	0	0	1	0	0	0	0	0	0	1	0	0	0	0	0	0	0	0	0	0	0	0
g__Simplicispira	0	0	0	0	0	0	0	0	0	0	0	0	0	0	0	0	0	0	0	0	2	0	0	0	0	0	0	0	0	0	0	0	0	0	0	0	0	0	0	0
g__Skermanella	0	0	0	0	0	0	0	0	0	0	0	0	0	0	0	0	0	0	0	0	2	0	1	1	0	0	0	0	0	0	2	0	0	0	0	0	3	0	0	0
g__Slackia	12	7	0	16	5	8	1	2	6	0	0	0	15	5	0	7	15	33	0	2	0	0	1	14	0	0	1	13	0	16	1	19	2	5	38	1	2	0	0	0
g__Sneathia	0	0	0	0	0	0	0	1	0	0	0	0	0	0	0	2	0	0	0	0	1	0	0	0	0	0	0	0	8	0	0	0	0	0	0	0	0	0	0	0
g__Sphaerochaeta	0	0	0	0	0	0	0	0	0	0	1	0	0	0	0	0	0	0	0	0	0	0	0	4	0	0	0	0	0	0	0	0	0	0	0	0	0	0	0	0
g__Sphingobacterium	0	1	0	0	0	0	0	0	1	0	0	0	7	0	3	0	0	1	0	0	0	0	0	1	0	1	0	0	6	0	0	0	0	0	0	0	0	1	0	0
g__Sphingobium	0	0	0	0	0	0	0	0	0	0	0	0	0	0	82	0	0	1	0	0	0	0	0	0	0	0	0	0	2	0	0	0	0	0	0	0	0	0	0	0
g__Sphingomonas	0	7	0	1	5	6	0	7	0	3	0	0	5	0	385	1	0	2	2	13	41	0	9	5	0	3	0	4	41	0	7	0	3	6	0	15	15	0	1	0
g__Sphingopyxis	0	0	0	0	0	0	0	0	0	0	0	0	0	0	3	0	0	0	0	0	0	0	0	0	0	0	0	0	0	0	0	0	0	0	0	0	0	0	0	0
g__Spirosoma	0	0	0	0	0	0	0	0	0	0	0	0	0	0	0	0	0	0	0	0	0	0	0	0	0	0	0	0	0	0	0	0	0	0	0	0	2	0	0	0
g__Staphylococcus	3	46	6	69	7820	18936	6	16	3	6	1	0	63	74	483	12	3	19	6	41	328	0	64	68	6	52	0	8	47	2	49	3	16	6	2	7	140	14	0	0
g__Stenotrophomonas	0	16	0	0	0	2	0	1	0	0	0	0	1	0	0	1	0	0	0	23	118	0	3	14	0	0	0	0	4	0	0	0	169	0	0	2	17	1	0	0
g__Streptococcus	3435	2033	18595	264	478	2786	52	8892	975	43	62	10	2662	4445	264	23701	14162	7983	11633	12983	2465	128	2778	3303	15557	2134	147	2742	1418	253	2644	2986	5440	934	11065	16471	3574	10473	2	0
g__Streptomyces	5	29	0	1	1	0	0	2	0	0	0	0	0	0	336	0	0	0	0	30	204	0	1	6	1	1	0	0	0	0	0	0	0	0	0	0	31	0	0	0
g__Sulfuricurvum	0	0	0	0	1	0	0	0	0	0	0	0	0	0	0	0	0	0	0	0	3	0	0	0	0	0	0	0	10	0	0	0	0	0	0	0	0	1	0	0
g__Sutterella	0	0	0	0	0	0	0	0	0	0	0	0	0	0	0	0	0	0	0	0	0	0	125	153	0	53	0	0	0	0	157	0	0	0	0	0	102	0	0	0
g__TG5	119	42	0	1	11	194	59	444	0	0	0	0	230	8	16	273	0	2	0	2	1	0	25	17	0	11	120	449	3	0	14	24	4	9	48	3	13	0	0	0
g__Tannerella	670	2	0	6	0	57	2	37	0	0	5	0	5	11	0	9	0	9	7	2	31	1	9	35	0	45	923	51	2	0	15	360	1	22	9	45	10	2	0	0
g__Tepidimonas	0	0	0	0	0	0	0	0	0	0	0	0	0	0	6	0	0	0	0	0	0	0	0	0	0	0	0	0	0	0	0	0	0	0	0	0	0	0	0	0
g__Thermicanus	0	0	0	0	0	0	0	0	0	0	0	0	0	0	0	0	0	0	0	1	0	0	0	0	0	0	0	0	0	0	0	0	0	0	0	1	0	0	0	0
g__Thermus	0	0	0	0	0	0	0	0	0	0	0	0	0	0	0	0	0	0	0	0	0	0	1	3	0	0	2	0	0	0	2	0	0	0	0	1	2	0	0	0
g__Treponema	1679	75	1	49	633	871	5740	2194	37607	0	3	0	202	956	6	561	4	1759	17	53	840	0	387	577	0	227	16206	1542	28	12	418	622	19	136	1123	83	497	6	0	0
g__Trichococcus	0	0	2	0	0	0	0	0	0	0	0	0	0	0	0	0	0	0	0	0	0	0	1	0	0	2	0	0	0	0	0	1	0	6	0	0	0	0	0	0
g__Trueperella	0	0	0	0	0	0	0	0	0	0	0	0	0	0	0	0	0	3	1	0	0	0	0	1	0	0	0	2	0	0	0	0	0	0	0	0	0	0	0	0
g__Turicibacter	0	0	1	0	0	0	0	0	0	0	0	0	0	0	0	0	1	0	0	0	0	0	0	0	1	0	0	0	0	0	0	0	0	0	0	0	0	0	0	0
g__Vagococcus	0	1	5	0	0	0	0	4	0	0	0	0	0	0	0	6	1	0	6	8	1	0	1	0	0	1	0	0	0	0	0	0	0	1	1	1	1	1	0	0
g__Varibaculum	0	0	3	0	0	1	0	0	0	0	0	0	0	0	0	0	0	0	0	0	0	0	0	0	0	1	0	0	0	0	0	0	0	1	3	0	0	0	0	0
g__Variovorax	0	0	0	0	0	0	0	0	0	0	0	0	0	0	0	0	0	0	0	0	0	0	0	1	0	1	0	0	0	0	0	0	0	0	0	0	0	0	0	0
g__Veillonella	70	200	18	124	3	5	2	78	0	2	5	0	11	0	9	378	11421	5349	5236	65	402	1	71	263	1273	49	1	54	31	83	85	308	4	36	71	35	112	5548	0	1
g__Vibrio	0	0	0	0	0	0	0	0	0	0	0	0	0	0	0	0	0	0	0	0	1	0	0	0	1	0	0	0	0	0	0	0	0	0	0	0	0	0	0	0
g__Virgisporangium	0	0	0	0	0	0	0	0	0	0	0	0	0	0	0	0	0	0	0	0	1	0	0	1	0	0	0	0	0	0	0	0	0	0	0	1	1	0	0	0
g__Vogesella	0	0	0	0	0	0	0	0	0	0	1	0	0	0	0	0	0	0	0	0	3	0	7	2	0	0	0	0	0	0	1	0	0	1	0	0	1	0	0	0
g__WAL_1855D	8	0	0	0	0	3	2	0	0	0	0	0	0	0	0	6	0	0	0	0	1	0	0	0	0	0	1	0	0	0	0	0	0	1	0	0	0	0	0	0
g__Xylanimicrobium	0	3	1	0	0	0	0	1	0	0	0	0	0	0	0	2	0	1	0	3	9	0	1	0	0	0	0	0	2	0	3	0	0	2	1	8	3	0	0	0
g__Zoogloea	0	0	0	0	0	0	0	0	0	0	0	0	0	0	0	1	0	0	0	0	4	0	0	0	0	0	0	0	0	0	0	0	0	0	0	0	0	0	0	0
g__[Eubacterium]	0	1	0	0	0	0	0	0	0	0	0	0	0	0	0	0	0	0	0	0	0	0	267	269	0	133	0	11	0	0	293	0	0	0	0	0	218	0	0	0
g__[Prevotella]	46	18	1099	999	552	231	21	571	15	1	0	0	31	423	5	430	609	671	1457	87	19	0	110	118	220	51	19	107	92	1656	84	152	44	75	3147	264	195	2184	1	0
g__[Ruminococcus]	0	0	0	0	0	0	0	0	0	0	0	0	0	0	0	0	0	0	0	0	0	0	24	61	0	20	0	0	0	0	45	0	0	0	0	0	44	0	0	0
g__ph2	0	0	0	0	0	0	0	0	0	0	0	0	0	0	0	0	0	0	0	0	0	0	0	3	0	2	0	0	0	0	1	88	0	2	0	0	0	0	0	0
