run_accession	sample_accession	sample_alias	title	isolate	tissue	age	sex
SRR18595692	SAMN27258457	OSCC81_S015	MIMARKS Survey related sample from human oral metagenome	NA			
SRR18595693	SAMN27258456	OSCC81_S014	MIMARKS Survey related sample from human oral metagenome	NA			
SRR18595699	SAMN27258451	OSCC81_S009	MIMARKS Survey related sample from human oral metagenome	NA			
SRR18595703	SAMN27258447	OSCC81_S005	MIMARKS Survey related sample from human oral metagenome	NA			
SRR18595710	SAMN27258522	OSCC81_S080	MIMARKS Survey related sample from human oral metagenome	NA			
SRR18595716	SAMN27258516	OSCC81_S074	MIMARKS Survey related sample from human oral metagenome	NA			
SRR18595722	SAMN27258482	OSCC81_S040	MIMARKS Survey related sample from human oral metagenome	NA			
SRR18595727	SAMN27258477	OSCC81_S035	MIMARKS Survey related sample from human oral metagenome	NA			
SRR18595729	SAMN27258475	OSCC81_S033	MIMARKS Survey related sample from human oral metagenome	NA			
SRR18595731	SAMN27258473	OSCC81_S031	MIMARKS Survey related sample from human oral metagenome	NA			
SRR18595733	SAMN27258472	OSCC81_S030	MIMARKS Survey related sample from human oral metagenome	NA			
SRR18595735	SAMN27258470	OSCC81_S028	MIMARKS Survey related sample from human oral metagenome	NA			
SRR18595736	SAMN27258469	OSCC81_S027	MIMARKS Survey related sample from human oral metagenome	NA			
SRR18595737	SAMN27258468	OSCC81_S026	MIMARKS Survey related sample from human oral metagenome	NA			
SRR18595741	SAMN27258464	OSCC81_S022	MIMARKS Survey related sample from human oral metagenome	NA			
SRR18595743	SAMN27258445	OSCC81_S003	MIMARKS Survey related sample from human oral metagenome	NA			
SRR18595745	SAMN27258461	OSCC81_S019	MIMARKS Survey related sample from human oral metagenome	NA			
SRR18595748	SAMN27258522	OSCC81_S080	MIMARKS Survey related sample from human oral metagenome	NA			
SRR18595749	SAMN27258459	OSCC81_S017	MIMARKS Survey related sample from human oral metagenome	NA			
SRR18595751	SAMN27258491	OSCC81_S049	MIMARKS Survey related sample from human oral metagenome	NA			
SRR18595753	SAMN27258489	OSCC81_S047	MIMARKS Survey related sample from human oral metagenome	NA			
SRR18595756	SAMN27258486	OSCC81_S044	MIMARKS Survey related sample from human oral metagenome	NA			
SRR18595759	SAMN27258483	OSCC81_S041	MIMARKS Survey related sample from human oral metagenome	NA			
SRR18595760	SAMN27258482	OSCC81_S040	MIMARKS Survey related sample from human oral metagenome	NA			
SRR18595762	SAMN27258481	OSCC81_S039	MIMARKS Survey related sample from human oral metagenome	NA			
SRR18595764	SAMN27258479	OSCC81_S037	MIMARKS Survey related sample from human oral metagenome	NA			
SRR18595770	SAMN27258473	OSCC81_S031	MIMARKS Survey related sample from human oral metagenome	NA			
SRR18595771	SAMN27258472	OSCC81_S030	MIMARKS Survey related sample from human oral metagenome	NA			
SRR18595772	SAMN27258454	OSCC81_S012	MIMARKS Survey related sample from human oral metagenome	NA			
SRR18595773	SAMN27258471	OSCC81_S029	MIMARKS Survey related sample from human oral metagenome	NA			
SRR18595775	SAMN27258469	OSCC81_S027	MIMARKS Survey related sample from human oral metagenome	NA			
SRR18595776	SAMN27258468	OSCC81_S026	MIMARKS Survey related sample from human oral metagenome	NA			
SRR18595778	SAMN27258466	OSCC81_S024	MIMARKS Survey related sample from human oral metagenome	NA			
SRR18595779	SAMN27258465	OSCC81_S023	MIMARKS Survey related sample from human oral metagenome	NA			
SRR18595783	SAMN27258520	OSCC81_S078	MIMARKS Survey related sample from human oral metagenome	NA			
SRR18595784	SAMN27258519	OSCC81_S077	MIMARKS Survey related sample from human oral metagenome	NA			
SRR18595785	SAMN27258518	OSCC81_S076	MIMARKS Survey related sample from human oral metagenome	NA			
SRR18595790	SAMN27258513	OSCC81_S071	MIMARKS Survey related sample from human oral metagenome	NA			
SRR18595791	SAMN27258512	OSCC81_S070	MIMARKS Survey related sample from human oral metagenome	NA			
SRR18595792	SAMN27258458	OSCC81_S016	MIMARKS Survey related sample from human oral metagenome	NA			
SRR18595796	SAMN27258508	OSCC81_S066	MIMARKS Survey related sample from human oral metagenome	NA			
SRR18595797	SAMN27258507	OSCC81_S065	MIMARKS Survey related sample from human oral metagenome	NA			
SRR18595798	SAMN27258506	OSCC81_S064	MIMARKS Survey related sample from human oral metagenome	NA			
SRR18595799	SAMN27258505	OSCC81_S063	MIMARKS Survey related sample from human oral metagenome	NA			
SRR18595801	SAMN27258503	OSCC81_S061	MIMARKS Survey related sample from human oral metagenome	NA			
SRR18595803	SAMN27258457	OSCC81_S015	MIMARKS Survey related sample from human oral metagenome	NA			
SRR18595804	SAMN27258501	OSCC81_S059	MIMARKS Survey related sample from human oral metagenome	NA			
SRR18595808	SAMN27258497	OSCC81_S055	MIMARKS Survey related sample from human oral metagenome	NA			
SRR18595811	SAMN27258494	OSCC81_S052	MIMARKS Survey related sample from human oral metagenome	NA			
SRR18595814	SAMN27258462	OSCC81_S020	MIMARKS Survey related sample from human oral metagenome	NA			
SRR18595819	SAMN27258513	OSCC81_S071	MIMARKS Survey related sample from human oral metagenome	NA			
SRR18595820	SAMN27258450	OSCC81_S008	MIMARKS Survey related sample from human oral metagenome	NA			
SRR18595821	SAMN27258512	OSCC81_S070	MIMARKS Survey related sample from human oral metagenome	NA			
SRR18595822	SAMN27258511	OSCC81_S069	MIMARKS Survey related sample from human oral metagenome	NA			
SRR18595824	SAMN27258509	OSCC81_S067	MIMARKS Survey related sample from human oral metagenome	NA			
SRR18595829	SAMN27258504	OSCC81_S062	MIMARKS Survey related sample from human oral metagenome	NA			
SRR18595830	SAMN27258503	OSCC81_S061	MIMARKS Survey related sample from human oral metagenome	NA			
SRR18595831	SAMN27258449	OSCC81_S007	MIMARKS Survey related sample from human oral metagenome	NA			
SRR18595834	SAMN27258500	OSCC81_S058	MIMARKS Survey related sample from human oral metagenome	NA			
SRR18595838	SAMN27258496	OSCC81_S054	MIMARKS Survey related sample from human oral metagenome	NA			
SRR18595839	SAMN27258495	OSCC81_S053	MIMARKS Survey related sample from human oral metagenome	NA			
SRR18595840	SAMN27258494	OSCC81_S052	MIMARKS Survey related sample from human oral metagenome	NA			
SRR18595849	SAMN27258486	OSCC81_S044	MIMARKS Survey related sample from human oral metagenome	NA			
SRR18595689	SAMN27258460	OSCC81_S018	MIMARKS Survey related sample from human oral metagenome	NA			
SRR18595690	SAMN27258459	OSCC81_S017	MIMARKS Survey related sample from human oral metagenome	NA			
SRR18595691	SAMN27258458	OSCC81_S016	MIMARKS Survey related sample from human oral metagenome	NA			
SRR18595694	SAMN27258455	OSCC81_S013	MIMARKS Survey related sample from human oral metagenome	NA			
SRR18595696	SAMN27258453	OSCC81_S011	MIMARKS Survey related sample from human oral metagenome	NA			
SRR18595697	SAMN27258452	OSCC81_S010	MIMARKS Survey related sample from human oral metagenome	NA			
SRR18595698	SAMN27258452	OSCC81_S010	MIMARKS Survey related sample from human oral metagenome	NA			
SRR18595701	SAMN27258449	OSCC81_S007	MIMARKS Survey related sample from human oral metagenome	NA			
SRR18595706	SAMN27258444	OSCC81_S002	MIMARKS Survey related sample from human oral metagenome	NA			
SRR18595707	SAMN27258443	OSCC81_S001	MIMARKS Survey related sample from human oral metagenome	NA			
SRR18595708	SAMN27258523	OSCC81_S081	MIMARKS Survey related sample from human oral metagenome	NA			
SRR18595713	SAMN27258519	OSCC81_S077	MIMARKS Survey related sample from human oral metagenome	NA			
SRR18595714	SAMN27258518	OSCC81_S076	MIMARKS Survey related sample from human oral metagenome	NA			
SRR18595717	SAMN27258515	OSCC81_S073	MIMARKS Survey related sample from human oral metagenome	NA			
SRR18595718	SAMN27258485	OSCC81_S043	MIMARKS Survey related sample from human oral metagenome	NA			
SRR18595719	SAMN27258484	OSCC81_S042	MIMARKS Survey related sample from human oral metagenome	NA			
SRR18595720	SAMN27258483	OSCC81_S041	MIMARKS Survey related sample from human oral metagenome	NA			
SRR18595721	SAMN27258447	OSCC81_S005	MIMARKS Survey related sample from human oral metagenome	NA			
SRR18595725	SAMN27258479	OSCC81_S037	MIMARKS Survey related sample from human oral metagenome	NA			
SRR18595732	SAMN27258446	OSCC81_S004	MIMARKS Survey related sample from human oral metagenome	NA			
SRR18595738	SAMN27258467	OSCC81_S025	MIMARKS Survey related sample from human oral metagenome	NA			
SRR18595742	SAMN27258463	OSCC81_S021	MIMARKS Survey related sample from human oral metagenome	NA			
SRR18595744	SAMN27258462	OSCC81_S020	MIMARKS Survey related sample from human oral metagenome	NA			
SRR18595747	SAMN27258523	OSCC81_S081	MIMARKS Survey related sample from human oral metagenome	NA			
SRR18595752	SAMN27258490	OSCC81_S048	MIMARKS Survey related sample from human oral metagenome	NA			
SRR18595755	SAMN27258487	OSCC81_S045	MIMARKS Survey related sample from human oral metagenome	NA			
SRR18595757	SAMN27258485	OSCC81_S043	MIMARKS Survey related sample from human oral metagenome	NA			
SRR18595761	SAMN27258455	OSCC81_S013	MIMARKS Survey related sample from human oral metagenome	NA			
SRR18595765	SAMN27258478	OSCC81_S036	MIMARKS Survey related sample from human oral metagenome	NA			
SRR18595768	SAMN27258475	OSCC81_S033	MIMARKS Survey related sample from human oral metagenome	NA			
SRR18595774	SAMN27258470	OSCC81_S028	MIMARKS Survey related sample from human oral metagenome	NA			
SRR18595777	SAMN27258467	OSCC81_S025	MIMARKS Survey related sample from human oral metagenome	NA			
SRR18595782	SAMN27258521	OSCC81_S079	MIMARKS Survey related sample from human oral metagenome	NA			
SRR18595786	SAMN27258517	OSCC81_S075	MIMARKS Survey related sample from human oral metagenome	NA			
SRR18595787	SAMN27258516	OSCC81_S074	MIMARKS Survey related sample from human oral metagenome	NA			
SRR18595788	SAMN27258515	OSCC81_S073	MIMARKS Survey related sample from human oral metagenome	NA			
SRR18595789	SAMN27258514	OSCC81_S072	MIMARKS Survey related sample from human oral metagenome	NA			
SRR18595793	SAMN27258511	OSCC81_S069	MIMARKS Survey related sample from human oral metagenome	NA			
SRR18595794	SAMN27258510	OSCC81_S068	MIMARKS Survey related sample from human oral metagenome	NA			
SRR18595795	SAMN27258509	OSCC81_S067	MIMARKS Survey related sample from human oral metagenome	NA			
SRR18595805	SAMN27258500	OSCC81_S058	MIMARKS Survey related sample from human oral metagenome	NA			
SRR18595806	SAMN27258499	OSCC81_S057	MIMARKS Survey related sample from human oral metagenome	NA			
SRR18595807	SAMN27258498	OSCC81_S056	MIMARKS Survey related sample from human oral metagenome	NA			
SRR18595812	SAMN27258493	OSCC81_S051	MIMARKS Survey related sample from human oral metagenome	NA			
SRR18595813	SAMN27258492	OSCC81_S050	MIMARKS Survey related sample from human oral metagenome	NA			
SRR18595815	SAMN27258453	OSCC81_S011	MIMARKS Survey related sample from human oral metagenome	NA			
SRR18595826	SAMN27258507	OSCC81_S065	MIMARKS Survey related sample from human oral metagenome	NA			
SRR18595827	SAMN27258506	OSCC81_S064	MIMARKS Survey related sample from human oral metagenome	NA			
SRR18595832	SAMN27258502	OSCC81_S060	MIMARKS Survey related sample from human oral metagenome	NA			
SRR18595843	SAMN27258492	OSCC81_S050	MIMARKS Survey related sample from human oral metagenome	NA			
SRR18595846	SAMN27258489	OSCC81_S047	MIMARKS Survey related sample from human oral metagenome	NA			
SRR18595847	SAMN27258488	OSCC81_S046	MIMARKS Survey related sample from human oral metagenome	NA			
SRR18595688	SAMN27258461	OSCC81_S019	MIMARKS Survey related sample from human oral metagenome	NA			
SRR18595695	SAMN27258454	OSCC81_S012	MIMARKS Survey related sample from human oral metagenome	NA			
SRR18595700	SAMN27258450	OSCC81_S008	MIMARKS Survey related sample from human oral metagenome	NA			
SRR18595702	SAMN27258448	OSCC81_S006	MIMARKS Survey related sample from human oral metagenome	NA			
SRR18595704	SAMN27258446	OSCC81_S004	MIMARKS Survey related sample from human oral metagenome	NA			
SRR18595705	SAMN27258445	OSCC81_S003	MIMARKS Survey related sample from human oral metagenome	NA			
SRR18595709	SAMN27258451	OSCC81_S009	MIMARKS Survey related sample from human oral metagenome	NA			
SRR18595711	SAMN27258521	OSCC81_S079	MIMARKS Survey related sample from human oral metagenome	NA			
SRR18595712	SAMN27258520	OSCC81_S078	MIMARKS Survey related sample from human oral metagenome	NA			
SRR18595715	SAMN27258517	OSCC81_S075	MIMARKS Survey related sample from human oral metagenome	NA			
SRR18595723	SAMN27258481	OSCC81_S039	MIMARKS Survey related sample from human oral metagenome	NA			
SRR18595724	SAMN27258480	OSCC81_S038	MIMARKS Survey related sample from human oral metagenome	NA			
SRR18595726	SAMN27258478	OSCC81_S036	MIMARKS Survey related sample from human oral metagenome	NA			
SRR18595728	SAMN27258476	OSCC81_S034	MIMARKS Survey related sample from human oral metagenome	NA			
SRR18595730	SAMN27258474	OSCC81_S032	MIMARKS Survey related sample from human oral metagenome	NA			
SRR18595734	SAMN27258471	OSCC81_S029	MIMARKS Survey related sample from human oral metagenome	NA			
SRR18595739	SAMN27258466	OSCC81_S024	MIMARKS Survey related sample from human oral metagenome	NA			
SRR18595740	SAMN27258465	OSCC81_S023	MIMARKS Survey related sample from human oral metagenome	NA			
SRR18595746	SAMN27258460	OSCC81_S018	MIMARKS Survey related sample from human oral metagenome	NA			
SRR18595750	SAMN27258456	OSCC81_S014	MIMARKS Survey related sample from human oral metagenome	NA			
SRR18595754	SAMN27258488	OSCC81_S046	MIMARKS Survey related sample from human oral metagenome	NA			
SRR18595758	SAMN27258484	OSCC81_S042	MIMARKS Survey related sample from human oral metagenome	NA			
SRR18595763	SAMN27258480	OSCC81_S038	MIMARKS Survey related sample from human oral metagenome	NA			
SRR18595766	SAMN27258477	OSCC81_S035	MIMARKS Survey related sample from human oral metagenome	NA			
SRR18595767	SAMN27258476	OSCC81_S034	MIMARKS Survey related sample from human oral metagenome	NA			
SRR18595769	SAMN27258474	OSCC81_S032	MIMARKS Survey related sample from human oral metagenome	NA			
SRR18595780	SAMN27258464	OSCC81_S022	MIMARKS Survey related sample from human oral metagenome	NA			
SRR18595781	SAMN27258463	OSCC81_S021	MIMARKS Survey related sample from human oral metagenome	NA			
SRR18595800	SAMN27258504	OSCC81_S062	MIMARKS Survey related sample from human oral metagenome	NA			
SRR18595802	SAMN27258502	OSCC81_S060	MIMARKS Survey related sample from human oral metagenome	NA			
SRR18595809	SAMN27258496	OSCC81_S054	MIMARKS Survey related sample from human oral metagenome	NA			
SRR18595810	SAMN27258495	OSCC81_S053	MIMARKS Survey related sample from human oral metagenome	NA			
SRR18595816	SAMN27258444	OSCC81_S002	MIMARKS Survey related sample from human oral metagenome	NA			
SRR18595817	SAMN27258443	OSCC81_S001	MIMARKS Survey related sample from human oral metagenome	NA			
SRR18595818	SAMN27258514	OSCC81_S072	MIMARKS Survey related sample from human oral metagenome	NA			
SRR18595823	SAMN27258510	OSCC81_S068	MIMARKS Survey related sample from human oral metagenome	NA			
SRR18595825	SAMN27258508	OSCC81_S066	MIMARKS Survey related sample from human oral metagenome	NA			
SRR18595828	SAMN27258505	OSCC81_S063	MIMARKS Survey related sample from human oral metagenome	NA			
SRR18595833	SAMN27258501	OSCC81_S059	MIMARKS Survey related sample from human oral metagenome	NA			
SRR18595835	SAMN27258499	OSCC81_S057	MIMARKS Survey related sample from human oral metagenome	NA			
SRR18595836	SAMN27258498	OSCC81_S056	MIMARKS Survey related sample from human oral metagenome	NA			
SRR18595837	SAMN27258497	OSCC81_S055	MIMARKS Survey related sample from human oral metagenome	NA			
SRR18595841	SAMN27258493	OSCC81_S051	MIMARKS Survey related sample from human oral metagenome	NA			
SRR18595842	SAMN27258448	OSCC81_S006	MIMARKS Survey related sample from human oral metagenome	NA			
SRR18595844	SAMN27258491	OSCC81_S049	MIMARKS Survey related sample from human oral metagenome	NA			
SRR18595845	SAMN27258490	OSCC81_S048	MIMARKS Survey related sample from human oral metagenome	NA			
SRR18595848	SAMN27258487	OSCC81_S045	MIMARKS Survey related sample from human oral metagenome	NA			
