run_accession	sample_accession	sample_alias	experiment_accession	experiment_title	library_name	library_layout	instrument_model
SRR18595689	SAMN27258460	OSCC81_S018	SRX14726021	Illumina MiSeq sequencing: 16S rRNA V3-V4	AN_S018_L001	PAIRED	Illumina MiSeq
SRR18595690	SAMN27258459	OSCC81_S017	SRX14726019	Illumina MiSeq sequencing: 16S rRNA V3-V4	AN_S017_L001	PAIRED	Illumina MiSeq
SRR18595691	SAMN27258458	OSCC81_S016	SRX14726017	Illumina MiSeq sequencing: 16S rRNA V3-V4	AN_S016_L001	PAIRED	Illumina MiSeq
SRR18595694	SAMN27258455	OSCC81_S013	SRX14726011	Illumina MiSeq sequencing: 16S rRNA V3-V4	AN_S013_L001	PAIRED	Illumina MiSeq
SRR18595696	SAMN27258453	OSCC81_S011	SRX14726007	Illumina MiSeq sequencing: 16S rRNA V3-V4	AN_S011_L001	PAIRED	Illumina MiSeq
SRR18595697	SAMN27258452	OSCC81_S010	SRX14726005	Illumina MiSeq sequencing: 16S rRNA V3-V4	AN_S010_L001	PAIRED	Illumina MiSeq
SRR18595698	SAMN27258452	OSCC81_S010	SRX14726003	Illumina MiSeq sequencing: 16S rRNA V3-V4	Tumor_S010_L001	PAIRED	Illumina MiSeq
SRR18595701	SAMN27258449	OSCC81_S007	SRX14725997	Illumina MiSeq sequencing: 16S rRNA V3-V4	AN_S007_L001	PAIRED	Illumina MiSeq
SRR18595706	SAMN27258444	OSCC81_S002	SRX14725988	Illumina MiSeq sequencing: 16S rRNA V3-V4	AN_S002_L001	PAIRED	Illumina MiSeq
SRR18595707	SAMN27258443	OSCC81_S001	SRX14725986	Illumina MiSeq sequencing: 16S rRNA V3-V4	AN_S001_L001	PAIRED	Illumina MiSeq
SRR18595708	SAMN27258523	OSCC81_S081	SRX14725984	Illumina MiSeq sequencing: 16S rRNA V3-V4	Tumor_S081_L001	PAIRED	Illumina MiSeq
SRR18595713	SAMN27258519	OSCC81_S077	SRX14725974	Illumina MiSeq sequencing: 16S rRNA V3-V4	Tumor_S077_L001	PAIRED	Illumina MiSeq
SRR18595714	SAMN27258518	OSCC81_S076	SRX14725972	Illumina MiSeq sequencing: 16S rRNA V3-V4	Tumor_S076_L001	PAIRED	Illumina MiSeq
SRR18595717	SAMN27258515	OSCC81_S073	SRX14725966	Illumina MiSeq sequencing: 16S rRNA V3-V4	Tumor_S073_L001	PAIRED	Illumina MiSeq
SRR18595718	SAMN27258485	OSCC81_S043	SRX14725964	Illumina MiSeq sequencing: 16S rRNA V3-V4	Tumor_S043_L001	PAIRED	Illumina MiSeq
SRR18595719	SAMN27258484	OSCC81_S042	SRX14725962	Illumina MiSeq sequencing: 16S rRNA V3-V4	Tumor_S042_L001	PAIRED	Illumina MiSeq
SRR18595720	SAMN27258483	OSCC81_S041	SRX14725960	Illumina MiSeq sequencing: 16S rRNA V3-V4	Tumor_S041_L001	PAIRED	Illumina MiSeq
SRR18595721	SAMN27258447	OSCC81_S005	SRX14725958	Illumina MiSeq sequencing: 16S rRNA V3-V4	Tumor_S005_L001	PAIRED	Illumina MiSeq
SRR18595725	SAMN27258479	OSCC81_S037	SRX14725950	Illumina MiSeq sequencing: 16S rRNA V3-V4	Tumor_S037_L001	PAIRED	Illumina MiSeq
SRR18595732	SAMN27258446	OSCC81_S004	SRX14725936	Illumina MiSeq sequencing: 16S rRNA V3-V4	Tumor_S004_L001	PAIRED	Illumina MiSeq
SRR18595738	SAMN27258467	OSCC81_S025	SRX14725924	Illumina MiSeq sequencing: 16S rRNA V3-V4	Tumor_S025_L001	PAIRED	Illumina MiSeq
SRR18595742	SAMN27258463	OSCC81_S021	SRX14725916	Illumina MiSeq sequencing: 16S rRNA V3-V4	Tumor_S021_L001	PAIRED	Illumina MiSeq
SRR18595744	SAMN27258462	OSCC81_S020	SRX14725912	Illumina MiSeq sequencing: 16S rRNA V3-V4	Tumor_S020_L001	PAIRED	Illumina MiSeq
SRR18595747	SAMN27258523	OSCC81_S081	SRX14725906	Illumina MiSeq sequencing: 16S rRNA V3-V4	AN_S081_L001	PAIRED	Illumina MiSeq
SRR18595752	SAMN27258490	OSCC81_S048	SRX14725896	Illumina MiSeq sequencing: 16S rRNA V3-V4	AN_S048_L001	PAIRED	Illumina MiSeq
SRR18595755	SAMN27258487	OSCC81_S045	SRX14725890	Illumina MiSeq sequencing: 16S rRNA V3-V4	AN_S045_L001	PAIRED	Illumina MiSeq
SRR18595757	SAMN27258485	OSCC81_S043	SRX14725886	Illumina MiSeq sequencing: 16S rRNA V3-V4	AN_S043_L001	PAIRED	Illumina MiSeq
SRR18595761	SAMN27258455	OSCC81_S013	SRX14725878	Illumina MiSeq sequencing: 16S rRNA V3-V4	Tumor_S013_L001	PAIRED	Illumina MiSeq
SRR18595765	SAMN27258478	OSCC81_S036	SRX14725870	Illumina MiSeq sequencing: 16S rRNA V3-V4	AN_S036_L001	PAIRED	Illumina MiSeq
SRR18595768	SAMN27258475	OSCC81_S033	SRX14725864	Illumina MiSeq sequencing: 16S rRNA V3-V4	AN_S033_L001	PAIRED	Illumina MiSeq
SRR18595774	SAMN27258470	OSCC81_S028	SRX14725852	Illumina MiSeq sequencing: 16S rRNA V3-V4	AN_S028_L001	PAIRED	Illumina MiSeq
SRR18595777	SAMN27258467	OSCC81_S025	SRX14725846	Illumina MiSeq sequencing: 16S rRNA V3-V4	AN_S025_L001	PAIRED	Illumina MiSeq
SRR18595782	SAMN27258521	OSCC81_S079	SRX14725836	Illumina MiSeq sequencing: 16S rRNA V3-V4	AN_S079_L001	PAIRED	Illumina MiSeq
SRR18595786	SAMN27258517	OSCC81_S075	SRX14725828	Illumina MiSeq sequencing: 16S rRNA V3-V4	AN_S075_L001	PAIRED	Illumina MiSeq
SRR18595787	SAMN27258516	OSCC81_S074	SRX14725826	Illumina MiSeq sequencing: 16S rRNA V3-V4	AN_S074_L001	PAIRED	Illumina MiSeq
SRR18595788	SAMN27258515	OSCC81_S073	SRX14725824	Illumina MiSeq sequencing: 16S rRNA V3-V4	AN_S073_L001	PAIRED	Illumina MiSeq
SRR18595789	SAMN27258514	OSCC81_S072	SRX14725822	Illumina MiSeq sequencing: 16S rRNA V3-V4	AN_S072_L001	PAIRED	Illumina MiSeq
SRR18595793	SAMN27258511	OSCC81_S069	SRX14725814	Illumina MiSeq sequencing: 16S rRNA V3-V4	AN_S069_L001	PAIRED	Illumina MiSeq
SRR18595794	SAMN27258510	OSCC81_S068	SRX14725812	Illumina MiSeq sequencing: 16S rRNA V3-V4	AN_S068_L001	PAIRED	Illumina MiSeq
SRR18595795	SAMN27258509	OSCC81_S067	SRX14725810	Illumina MiSeq sequencing: 16S rRNA V3-V4	AN_S067_L001	PAIRED	Illumina MiSeq
SRR18595805	SAMN27258500	OSCC81_S058	SRX14725790	Illumina MiSeq sequencing: 16S rRNA V3-V4	AN_S058_L001	PAIRED	Illumina MiSeq
SRR18595806	SAMN27258499	OSCC81_S057	SRX14725788	Illumina MiSeq sequencing: 16S rRNA V3-V4	AN_S057_L001	PAIRED	Illumina MiSeq
SRR18595807	SAMN27258498	OSCC81_S056	SRX14725786	Illumina MiSeq sequencing: 16S rRNA V3-V4	AN_S056_L001	PAIRED	Illumina MiSeq
SRR18595812	SAMN27258493	OSCC81_S051	SRX14725776	Illumina MiSeq sequencing: 16S rRNA V3-V4	AN_S051_L001	PAIRED	Illumina MiSeq
SRR18595813	SAMN27258492	OSCC81_S050	SRX14725774	Illumina MiSeq sequencing: 16S rRNA V3-V4	AN_S050_L001	PAIRED	Illumina MiSeq
SRR18595815	SAMN27258453	OSCC81_S011	SRX14725770	Illumina MiSeq sequencing: 16S rRNA V3-V4	Tumor_S011_L001	PAIRED	Illumina MiSeq
SRR18595826	SAMN27258507	OSCC81_S065	SRX14725748	Illumina MiSeq sequencing: 16S rRNA V3-V4	Tumor_S065_L001	PAIRED	Illumina MiSeq
SRR18595827	SAMN27258506	OSCC81_S064	SRX14725746	Illumina MiSeq sequencing: 16S rRNA V3-V4	Tumor_S064_L001	PAIRED	Illumina MiSeq
SRR18595832	SAMN27258502	OSCC81_S060	SRX14725736	Illumina MiSeq sequencing: 16S rRNA V3-V4	Tumor_S060_L001	PAIRED	Illumina MiSeq
SRR18595843	SAMN27258492	OSCC81_S050	SRX14725714	Illumina MiSeq sequencing: 16S rRNA V3-V4	Tumor_S050_L001	PAIRED	Illumina MiSeq
SRR18595846	SAMN27258489	OSCC81_S047	SRX14725708	Illumina MiSeq sequencing: 16S rRNA V3-V4	Tumor_S047_L001	PAIRED	Illumina MiSeq
SRR18595847	SAMN27258488	OSCC81_S046	SRX14725706	Illumina MiSeq sequencing: 16S rRNA V3-V4	Tumor_S046_L001	PAIRED	Illumina MiSeq
SRR18595688	SAMN27258461	OSCC81_S019	SRX14726023	Illumina MiSeq sequencing: 16S rRNA V3-V4	AN_S019_L001	PAIRED	Illumina MiSeq
SRR18595695	SAMN27258454	OSCC81_S012	SRX14726009	Illumina MiSeq sequencing: 16S rRNA V3-V4	AN_S012_L001	PAIRED	Illumina MiSeq
SRR18595700	SAMN27258450	OSCC81_S008	SRX14725999	Illumina MiSeq sequencing: 16S rRNA V3-V4	AN_S008_L001	PAIRED	Illumina MiSeq
SRR18595702	SAMN27258448	OSCC81_S006	SRX14725995	Illumina MiSeq sequencing: 16S rRNA V3-V4	AN_S006_L001	PAIRED	Illumina MiSeq
SRR18595704	SAMN27258446	OSCC81_S004	SRX14725992	Illumina MiSeq sequencing: 16S rRNA V3-V4	AN_S004_L001	PAIRED	Illumina MiSeq
SRR18595705	SAMN27258445	OSCC81_S003	SRX14725990	Illumina MiSeq sequencing: 16S rRNA V3-V4	AN_S003_L001	PAIRED	Illumina MiSeq
SRR18595709	SAMN27258451	OSCC81_S009	SRX14725982	Illumina MiSeq sequencing: 16S rRNA V3-V4	Tumor_S009_L001	PAIRED	Illumina MiSeq
SRR18595711	SAMN27258521	OSCC81_S079	SRX14725978	Illumina MiSeq sequencing: 16S rRNA V3-V4	Tumor_S079_L001	PAIRED	Illumina MiSeq
SRR18595712	SAMN27258520	OSCC81_S078	SRX14725976	Illumina MiSeq sequencing: 16S rRNA V3-V4	Tumor_S078_L001	PAIRED	Illumina MiSeq
SRR18595715	SAMN27258517	OSCC81_S075	SRX14725970	Illumina MiSeq sequencing: 16S rRNA V3-V4	Tumor_S075_L001	PAIRED	Illumina MiSeq
SRR18595723	SAMN27258481	OSCC81_S039	SRX14725954	Illumina MiSeq sequencing: 16S rRNA V3-V4	Tumor_S039_L001	PAIRED	Illumina MiSeq
SRR18595724	SAMN27258480	OSCC81_S038	SRX14725952	Illumina MiSeq sequencing: 16S rRNA V3-V4	Tumor_S038_L001	PAIRED	Illumina MiSeq
SRR18595726	SAMN27258478	OSCC81_S036	SRX14725948	Illumina MiSeq sequencing: 16S rRNA V3-V4	Tumor_S036_L001	PAIRED	Illumina MiSeq
SRR18595728	SAMN27258476	OSCC81_S034	SRX14725944	Illumina MiSeq sequencing: 16S rRNA V3-V4	Tumor_S034_L001	PAIRED	Illumina MiSeq
SRR18595730	SAMN27258474	OSCC81_S032	SRX14725940	Illumina MiSeq sequencing: 16S rRNA V3-V4	Tumor_S032_L001	PAIRED	Illumina MiSeq
SRR18595734	SAMN27258471	OSCC81_S029	SRX14725932	Illumina MiSeq sequencing: 16S rRNA V3-V4	Tumor_S029_L001	PAIRED	Illumina MiSeq
SRR18595739	SAMN27258466	OSCC81_S024	SRX14725922	Illumina MiSeq sequencing: 16S rRNA V3-V4	Tumor_S024_L001	PAIRED	Illumina MiSeq
SRR18595740	SAMN27258465	OSCC81_S023	SRX14725920	Illumina MiSeq sequencing: 16S rRNA V3-V4	Tumor_S023_L001	PAIRED	Illumina MiSeq
SRR18595746	SAMN27258460	OSCC81_S018	SRX14725908	Illumina MiSeq sequencing: 16S rRNA V3-V4	Tumor_S018_L001	PAIRED	Illumina MiSeq
SRR18595750	SAMN27258456	OSCC81_S014	SRX14725900	Illumina MiSeq sequencing: 16S rRNA V3-V4	Tumor_S014_L001	PAIRED	Illumina MiSeq
SRR18595754	SAMN27258488	OSCC81_S046	SRX14725892	Illumina MiSeq sequencing: 16S rRNA V3-V4	AN_S046_L001	PAIRED	Illumina MiSeq
SRR18595758	SAMN27258484	OSCC81_S042	SRX14725884	Illumina MiSeq sequencing: 16S rRNA V3-V4	AN_S042_L001	PAIRED	Illumina MiSeq
SRR18595763	SAMN27258480	OSCC81_S038	SRX14725874	Illumina MiSeq sequencing: 16S rRNA V3-V4	AN_S038_L001	PAIRED	Illumina MiSeq
SRR18595766	SAMN27258477	OSCC81_S035	SRX14725868	Illumina MiSeq sequencing: 16S rRNA V3-V4	AN_S035_L001	PAIRED	Illumina MiSeq
SRR18595767	SAMN27258476	OSCC81_S034	SRX14725866	Illumina MiSeq sequencing: 16S rRNA V3-V4	AN_S034_L001	PAIRED	Illumina MiSeq
SRR18595769	SAMN27258474	OSCC81_S032	SRX14725862	Illumina MiSeq sequencing: 16S rRNA V3-V4	AN_S032_L001	PAIRED	Illumina MiSeq
SRR18595780	SAMN27258464	OSCC81_S022	SRX14725840	Illumina MiSeq sequencing: 16S rRNA V3-V4	AN_S022_L001	PAIRED	Illumina MiSeq
SRR18595781	SAMN27258463	OSCC81_S021	SRX14725838	Illumina MiSeq sequencing: 16S rRNA V3-V4	AN_S021_L001	PAIRED	Illumina MiSeq
SRR18595800	SAMN27258504	OSCC81_S062	SRX14725800	Illumina MiSeq sequencing: 16S rRNA V3-V4	AN_S062_L001	PAIRED	Illumina MiSeq
SRR18595802	SAMN27258502	OSCC81_S060	SRX14725796	Illumina MiSeq sequencing: 16S rRNA V3-V4	AN_S060_L001	PAIRED	Illumina MiSeq
SRR18595809	SAMN27258496	OSCC81_S054	SRX14725782	Illumina MiSeq sequencing: 16S rRNA V3-V4	AN_S054_L001	PAIRED	Illumina MiSeq
SRR18595810	SAMN27258495	OSCC81_S053	SRX14725780	Illumina MiSeq sequencing: 16S rRNA V3-V4	AN_S053_L001	PAIRED	Illumina MiSeq
SRR18595816	SAMN27258444	OSCC81_S002	SRX14725768	Illumina MiSeq sequencing: 16S rRNA V3-V4	Tumor_S002_L001	PAIRED	Illumina MiSeq
SRR18595817	SAMN27258443	OSCC81_S001	SRX14725766	Illumina MiSeq sequencing: 16S rRNA V3-V4	Tumor_S001_L001	PAIRED	Illumina MiSeq
SRR18595818	SAMN27258514	OSCC81_S072	SRX14725764	Illumina MiSeq sequencing: 16S rRNA V3-V4	Tumor_S072_L001	PAIRED	Illumina MiSeq
SRR18595823	SAMN27258510	OSCC81_S068	SRX14725754	Illumina MiSeq sequencing: 16S rRNA V3-V4	Tumor_S068_L001	PAIRED	Illumina MiSeq
SRR18595825	SAMN27258508	OSCC81_S066	SRX14725750	Illumina MiSeq sequencing: 16S rRNA V3-V4	Tumor_S066_L001	PAIRED	Illumina MiSeq
SRR18595828	SAMN27258505	OSCC81_S063	SRX14725744	Illumina MiSeq sequencing: 16S rRNA V3-V4	Tumor_S063_L001	PAIRED	Illumina MiSeq
SRR18595833	SAMN27258501	OSCC81_S059	SRX14725734	Illumina MiSeq sequencing: 16S rRNA V3-V4	Tumor_S059_L001	PAIRED	Illumina MiSeq
SRR18595835	SAMN27258499	OSCC81_S057	SRX14725730	Illumina MiSeq sequencing: 16S rRNA V3-V4	Tumor_S057_L001	PAIRED	Illumina MiSeq
SRR18595836	SAMN27258498	OSCC81_S056	SRX14725728	Illumina MiSeq sequencing: 16S rRNA V3-V4	Tumor_S056_L001	PAIRED	Illumina MiSeq
SRR18595837	SAMN27258497	OSCC81_S055	SRX14725726	Illumina MiSeq sequencing: 16S rRNA V3-V4	Tumor_S055_L001	PAIRED	Illumina MiSeq
SRR18595841	SAMN27258493	OSCC81_S051	SRX14725718	Illumina MiSeq sequencing: 16S rRNA V3-V4	Tumor_S051_L001	PAIRED	Illumina MiSeq
SRR18595842	SAMN27258448	OSCC81_S006	SRX14725716	Illumina MiSeq sequencing: 16S rRNA V3-V4	Tumor_S006_L001	PAIRED	Illumina MiSeq
SRR18595844	SAMN27258491	OSCC81_S049	SRX14725712	Illumina MiSeq sequencing: 16S rRNA V3-V4	Tumor_S049_L001	PAIRED	Illumina MiSeq
SRR18595845	SAMN27258490	OSCC81_S048	SRX14725710	Illumina MiSeq sequencing: 16S rRNA V3-V4	Tumor_S048_L001	PAIRED	Illumina MiSeq
SRR18595848	SAMN27258487	OSCC81_S045	SRX14725703	Illumina MiSeq sequencing: 16S rRNA V3-V4	Tumor_S045_L001	PAIRED	Illumina MiSeq
SRR18595692	SAMN27258457	OSCC81_S015	SRX14726015	Illumina MiSeq sequencing: 16S rRNA V3-V4	AN_S015_L001	PAIRED	Illumina MiSeq
SRR18595693	SAMN27258456	OSCC81_S014	SRX14726013	Illumina MiSeq sequencing: 16S rRNA V3-V4	AN_S014_L001	PAIRED	Illumina MiSeq
SRR18595699	SAMN27258451	OSCC81_S009	SRX14726001	Illumina MiSeq sequencing: 16S rRNA V3-V4	AN_S009_L001	PAIRED	Illumina MiSeq
SRR18595703	SAMN27258447	OSCC81_S005	SRX14725994	Illumina MiSeq sequencing: 16S rRNA V3-V4	AN_S005_L001	PAIRED	Illumina MiSeq
SRR18595710	SAMN27258522	OSCC81_S080	SRX14725980	Illumina MiSeq sequencing: 16S rRNA V3-V4	Tumor_S080_L001	PAIRED	Illumina MiSeq
SRR18595716	SAMN27258516	OSCC81_S074	SRX14725968	Illumina MiSeq sequencing: 16S rRNA V3-V4	Tumor_S074_L001	PAIRED	Illumina MiSeq
SRR18595722	SAMN27258482	OSCC81_S040	SRX14725956	Illumina MiSeq sequencing: 16S rRNA V3-V4	Tumor_S040_L001	PAIRED	Illumina MiSeq
SRR18595727	SAMN27258477	OSCC81_S035	SRX14725946	Illumina MiSeq sequencing: 16S rRNA V3-V4	Tumor_S035_L001	PAIRED	Illumina MiSeq
SRR18595729	SAMN27258475	OSCC81_S033	SRX14725942	Illumina MiSeq sequencing: 16S rRNA V3-V4	Tumor_S033_L001	PAIRED	Illumina MiSeq
SRR18595731	SAMN27258473	OSCC81_S031	SRX14725938	Illumina MiSeq sequencing: 16S rRNA V3-V4	Tumor_S031_L001	PAIRED	Illumina MiSeq
SRR18595733	SAMN27258472	OSCC81_S030	SRX14725934	Illumina MiSeq sequencing: 16S rRNA V3-V4	Tumor_S030_L001	PAIRED	Illumina MiSeq
SRR18595735	SAMN27258470	OSCC81_S028	SRX14725930	Illumina MiSeq sequencing: 16S rRNA V3-V4	Tumor_S028_L001	PAIRED	Illumina MiSeq
SRR18595736	SAMN27258469	OSCC81_S027	SRX14725928	Illumina MiSeq sequencing: 16S rRNA V3-V4	Tumor_S027_L001	PAIRED	Illumina MiSeq
SRR18595737	SAMN27258468	OSCC81_S026	SRX14725926	Illumina MiSeq sequencing: 16S rRNA V3-V4	Tumor_S026_L001	PAIRED	Illumina MiSeq
SRR18595741	SAMN27258464	OSCC81_S022	SRX14725918	Illumina MiSeq sequencing: 16S rRNA V3-V4	Tumor_S022_L001	PAIRED	Illumina MiSeq
SRR18595743	SAMN27258445	OSCC81_S003	SRX14725914	Illumina MiSeq sequencing: 16S rRNA V3-V4	Tumor_S003_L001	PAIRED	Illumina MiSeq
SRR18595745	SAMN27258461	OSCC81_S019	SRX14725910	Illumina MiSeq sequencing: 16S rRNA V3-V4	Tumor_S019_L001	PAIRED	Illumina MiSeq
SRR18595748	SAMN27258522	OSCC81_S080	SRX14725904	Illumina MiSeq sequencing: 16S rRNA V3-V4	AN_S080_L001	PAIRED	Illumina MiSeq
SRR18595749	SAMN27258459	OSCC81_S017	SRX14725902	Illumina MiSeq sequencing: 16S rRNA V3-V4	Tumor_S017_L001	PAIRED	Illumina MiSeq
SRR18595751	SAMN27258491	OSCC81_S049	SRX14725898	Illumina MiSeq sequencing: 16S rRNA V3-V4	AN_S049_L001	PAIRED	Illumina MiSeq
SRR18595753	SAMN27258489	OSCC81_S047	SRX14725894	Illumina MiSeq sequencing: 16S rRNA V3-V4	AN_S047_L001	PAIRED	Illumina MiSeq
SRR18595756	SAMN27258486	OSCC81_S044	SRX14725888	Illumina MiSeq sequencing: 16S rRNA V3-V4	AN_S044_L001	PAIRED	Illumina MiSeq
SRR18595759	SAMN27258483	OSCC81_S041	SRX14725882	Illumina MiSeq sequencing: 16S rRNA V3-V4	AN_S041_L001	PAIRED	Illumina MiSeq
SRR18595760	SAMN27258482	OSCC81_S040	SRX14725880	Illumina MiSeq sequencing: 16S rRNA V3-V4	AN_S040_L001	PAIRED	Illumina MiSeq
SRR18595762	SAMN27258481	OSCC81_S039	SRX14725876	Illumina MiSeq sequencing: 16S rRNA V3-V4	AN_S039_L001	PAIRED	Illumina MiSeq
SRR18595764	SAMN27258479	OSCC81_S037	SRX14725872	Illumina MiSeq sequencing: 16S rRNA V3-V4	AN_S037_L001	PAIRED	Illumina MiSeq
SRR18595770	SAMN27258473	OSCC81_S031	SRX14725860	Illumina MiSeq sequencing: 16S rRNA V3-V4	AN_S031_L001	PAIRED	Illumina MiSeq
SRR18595771	SAMN27258472	OSCC81_S030	SRX14725858	Illumina MiSeq sequencing: 16S rRNA V3-V4	AN_S030_L001	PAIRED	Illumina MiSeq
SRR18595772	SAMN27258454	OSCC81_S012	SRX14725856	Illumina MiSeq sequencing: 16S rRNA V3-V4	Tumor_S012_L001	PAIRED	Illumina MiSeq
SRR18595773	SAMN27258471	OSCC81_S029	SRX14725854	Illumina MiSeq sequencing: 16S rRNA V3-V4	AN_S029_L001	PAIRED	Illumina MiSeq
SRR18595775	SAMN27258469	OSCC81_S027	SRX14725850	Illumina MiSeq sequencing: 16S rRNA V3-V4	AN_S027_L001	PAIRED	Illumina MiSeq
SRR18595776	SAMN27258468	OSCC81_S026	SRX14725848	Illumina MiSeq sequencing: 16S rRNA V3-V4	AN_S026_L001	PAIRED	Illumina MiSeq
SRR18595778	SAMN27258466	OSCC81_S024	SRX14725844	Illumina MiSeq sequencing: 16S rRNA V3-V4	AN_S024_L001	PAIRED	Illumina MiSeq
SRR18595779	SAMN27258465	OSCC81_S023	SRX14725842	Illumina MiSeq sequencing: 16S rRNA V3-V4	AN_S023_L001	PAIRED	Illumina MiSeq
SRR18595783	SAMN27258520	OSCC81_S078	SRX14725834	Illumina MiSeq sequencing: 16S rRNA V3-V4	AN_S078_L001	PAIRED	Illumina MiSeq
SRR18595784	SAMN27258519	OSCC81_S077	SRX14725832	Illumina MiSeq sequencing: 16S rRNA V3-V4	AN_S077_L001	PAIRED	Illumina MiSeq
SRR18595785	SAMN27258518	OSCC81_S076	SRX14725830	Illumina MiSeq sequencing: 16S rRNA V3-V4	AN_S076_L001	PAIRED	Illumina MiSeq
SRR18595790	SAMN27258513	OSCC81_S071	SRX14725820	Illumina MiSeq sequencing: 16S rRNA V3-V4	AN_S071_L001	PAIRED	Illumina MiSeq
SRR18595791	SAMN27258512	OSCC81_S070	SRX14725818	Illumina MiSeq sequencing: 16S rRNA V3-V4	AN_S070_L001	PAIRED	Illumina MiSeq
SRR18595792	SAMN27258458	OSCC81_S016	SRX14725816	Illumina MiSeq sequencing: 16S rRNA V3-V4	Tumor_S016_L001	PAIRED	Illumina MiSeq
SRR18595796	SAMN27258508	OSCC81_S066	SRX14725808	Illumina MiSeq sequencing: 16S rRNA V3-V4	AN_S066_L001	PAIRED	Illumina MiSeq
SRR18595797	SAMN27258507	OSCC81_S065	SRX14725806	Illumina MiSeq sequencing: 16S rRNA V3-V4	AN_S065_L001	PAIRED	Illumina MiSeq
SRR18595798	SAMN27258506	OSCC81_S064	SRX14725804	Illumina MiSeq sequencing: 16S rRNA V3-V4	AN_S064_L001	PAIRED	Illumina MiSeq
SRR18595799	SAMN27258505	OSCC81_S063	SRX14725802	Illumina MiSeq sequencing: 16S rRNA V3-V4	AN_S063_L001	PAIRED	Illumina MiSeq
SRR18595801	SAMN27258503	OSCC81_S061	SRX14725798	Illumina MiSeq sequencing: 16S rRNA V3-V4	AN_S061_L001	PAIRED	Illumina MiSeq
SRR18595803	SAMN27258457	OSCC81_S015	SRX14725794	Illumina MiSeq sequencing: 16S rRNA V3-V4	Tumor_S015_L001	PAIRED	Illumina MiSeq
SRR18595804	SAMN27258501	OSCC81_S059	SRX14725792	Illumina MiSeq sequencing: 16S rRNA V3-V4	AN_S059_L001	PAIRED	Illumina MiSeq
SRR18595808	SAMN27258497	OSCC81_S055	SRX14725784	Illumina MiSeq sequencing: 16S rRNA V3-V4	AN_S055_L001	PAIRED	Illumina MiSeq
SRR18595811	SAMN27258494	OSCC81_S052	SRX14725778	Illumina MiSeq sequencing: 16S rRNA V3-V4	AN_S052_L001	PAIRED	Illumina MiSeq
SRR18595814	SAMN27258462	OSCC81_S020	SRX14725772	Illumina MiSeq sequencing: 16S rRNA V3-V4	AN_S020_L001	PAIRED	Illumina MiSeq
SRR18595819	SAMN27258513	OSCC81_S071	SRX14725762	Illumina MiSeq sequencing: 16S rRNA V3-V4	Tumor_S071_L001	PAIRED	Illumina MiSeq
SRR18595820	SAMN27258450	OSCC81_S008	SRX14725760	Illumina MiSeq sequencing: 16S rRNA V3-V4	Tumor_S008_L001	PAIRED	Illumina MiSeq
SRR18595821	SAMN27258512	OSCC81_S070	SRX14725758	Illumina MiSeq sequencing: 16S rRNA V3-V4	Tumor_S070_L001	PAIRED	Illumina MiSeq
SRR18595822	SAMN27258511	OSCC81_S069	SRX14725756	Illumina MiSeq sequencing: 16S rRNA V3-V4	Tumor_S069_L001	PAIRED	Illumina MiSeq
SRR18595824	SAMN27258509	OSCC81_S067	SRX14725752	Illumina MiSeq sequencing: 16S rRNA V3-V4	Tumor_S067_L001	PAIRED	Illumina MiSeq
SRR18595829	SAMN27258504	OSCC81_S062	SRX14725742	Illumina MiSeq sequencing: 16S rRNA V3-V4	Tumor_S062_L001	PAIRED	Illumina MiSeq
SRR18595830	SAMN27258503	OSCC81_S061	SRX14725740	Illumina MiSeq sequencing: 16S rRNA V3-V4	Tumor_S061_L001	PAIRED	Illumina MiSeq
SRR18595831	SAMN27258449	OSCC81_S007	SRX14725738	Illumina MiSeq sequencing: 16S rRNA V3-V4	Tumor_S007_L001	PAIRED	Illumina MiSeq
SRR18595834	SAMN27258500	OSCC81_S058	SRX14725732	Illumina MiSeq sequencing: 16S rRNA V3-V4	Tumor_S058_L001	PAIRED	Illumina MiSeq
SRR18595838	SAMN27258496	OSCC81_S054	SRX14725724	Illumina MiSeq sequencing: 16S rRNA V3-V4	Tumor_S054_L001	PAIRED	Illumina MiSeq
SRR18595839	SAMN27258495	OSCC81_S053	SRX14725722	Illumina MiSeq sequencing: 16S rRNA V3-V4	Tumor_S053_L001	PAIRED	Illumina MiSeq
SRR18595840	SAMN27258494	OSCC81_S052	SRX14725720	Illumina MiSeq sequencing: 16S rRNA V3-V4	Tumor_S052_L001	PAIRED	Illumina MiSeq
SRR18595849	SAMN27258486	OSCC81_S044	SRX14725701	Illumina MiSeq sequencing: 16S rRNA V3-V4	Tumor_S044_L001	PAIRED	Illumina MiSeq
